DATE,CPIAUCNS,FEDFUNDS,INDPRO,MPRIME,PAYEMS,TOTALSA,UNRATENSA,NBER
1976-11-01,58.0,4.95,45.354,6.5,80240.0,13.332,7.4,0.0
1976-12-01,58.2,4.65,45.8357,6.35,80448.0,14.527,7.4,0.0
1977-01-01,58.5,4.61,45.5276,6.25,80690.0,14.396,8.3,0.0
1977-02-01,59.1,4.68,46.2567,6.25,80988.0,14.709,8.5,0.0
1977-03-01,59.5,4.69,46.8356,6.25,81391.0,15.17,7.9,0.0
1977-04-01,60.0,4.73,47.2898,6.25,81728.0,15.135,6.9,0.0
1977-05-01,60.3,5.35,47.6607,6.41,82088.0,14.984,6.4,0.0
1977-06-01,60.7,5.39,48.0196,6.75,82488.0,14.952,7.5,0.0
1977-07-01,61.0,5.42,48.0819,6.75,82834.0,14.641,7.0,0.0
1977-08-01,61.2,5.9,48.1315,6.83,83075.0,14.859,6.8,0.0
1977-09-01,61.4,6.14,48.3308,7.13,83532.0,14.65,6.6,0.0
1977-10-01,61.6,6.47,48.4014,7.52,83800.0,14.9,6.4,0.0
1977-11-01,61.9,6.51,48.4924,7.75,84173.0,14.799,6.5,0.0
1977-12-01,62.1,6.56,48.564,7.75,84410.0,15.175,6.0,0.0
1978-01-01,62.5,6.7,47.8693,7.93,84594.0,13.704,7.1,0.0
1978-02-01,62.9,6.78,48.1283,8.0,84948.0,14.363,6.9,0.0
1978-03-01,63.4,6.79,49.0553,8.0,85460.0,15.166,6.6,0.0
1978-04-01,63.9,6.89,50.026,8.0,86162.0,16.198,5.8,0.0
1978-05-01,64.5,7.36,50.2717,8.27,86509.0,16.298,5.5,0.0
1978-06-01,65.2,7.6,50.5939,8.63,86950.0,16.348,6.2,0.0
1978-07-01,65.7,7.81,50.5499,9.0,87204.0,15.528,6.3,0.0
1978-08-01,66.0,8.04,50.7622,9.01,87483.0,16.045,5.9,0.0
1978-09-01,66.5,8.45,50.8856,9.41,87621.0,14.641,5.8,0.0
1978-10-01,67.1,8.96,51.2821,9.94,87956.0,15.845,5.4,0.0
1978-11-01,67.4,9.76,51.6737,10.94,88391.0,15.484,5.6,0.0
1978-12-01,67.7,10.03,51.9404,11.55,88671.0,15.338,5.7,0.0
1979-01-01,68.3,10.07,51.6507,11.75,88808.0,15.061,6.4,0.0
1979-02-01,69.1,10.06,51.9097,11.75,89055.0,15.321,6.4,0.0
1979-03-01,69.8,10.09,52.0667,11.75,89479.0,15.275,6.1,0.0
1979-04-01,70.6,10.01,51.4548,11.75,89417.0,14.742,5.5,0.0
1979-05-01,71.5,10.24,51.9061,11.75,89789.0,14.374,5.2,0.0
1979-06-01,72.3,10.29,51.9067,11.65,90108.0,12.744,6.0,0.0
1979-07-01,73.1,10.47,51.8258,11.54,90217.0,14.112,5.9,0.0
1979-08-01,73.8,10.94,51.49,11.91,90300.0,14.344,5.9,0.0
1979-09-01,74.6,11.43,51.4847,12.9,90327.0,14.292,5.7,0.0
1979-10-01,75.2,13.77,51.8421,14.39,90481.0,13.112,5.6,0.0
1979-11-01,75.9,13.18,51.7591,15.55,90573.0,13.025,5.6,0.0
1979-12-01,76.7,13.78,51.7974,15.3,90672.0,13.496,5.7,0.0
1980-01-01,77.8,13.82,52.0677,15.25,90800.0,14.439,6.9,1.0
1980-02-01,78.9,14.13,52.0899,15.63,90883.0,13.276,6.8,1.0
1980-03-01,80.1,17.19,51.8687,18.31,90994.0,12.077,6.6,1.0
1980-04-01,81.0,17.61,50.8454,19.77,90849.0,10.444,6.7,1.0
1980-05-01,81.8,10.98,49.5947,16.57,90420.0,9.54,7.1,1.0
1980-06-01,82.7,9.47,48.9621,12.63,90101.0,10.449,7.8,1.0
1980-07-01,82.7,9.03,48.609,11.48,89840.0,11.664,7.9,1.0
1980-08-01,83.3,9.61,48.7646,11.12,90099.0,11.154,7.6,0.0
1980-09-01,84.0,10.87,49.5764,12.23,90213.0,10.912,7.2,0.0
1980-10-01,84.8,12.81,50.2058,13.79,90490.0,11.412,7.1,0.0
1980-11-01,85.5,15.85,51.0418,16.06,90747.0,11.257,7.1,0.0
1980-12-01,86.3,18.9,51.3906,20.35,90943.0,10.939,6.9,0.0
1981-01-01,87.0,19.08,51.0656,20.16,91033.0,11.282,8.2,0.0
1981-02-01,87.9,15.93,50.8554,19.43,91105.0,12.351,8.0,0.0
1981-03-01,88.5,14.7,51.1107,18.05,91210.0,12.427,7.7,0.0
1981-04-01,89.1,15.72,50.8864,17.15,91283.0,10.49,7.0,0.0
1981-05-01,89.8,18.52,51.1788,19.61,91296.0,10.354,7.1,0.0
1981-06-01,90.6,19.1,51.4496,20.03,91490.0,10.415,7.7,0.0
1981-07-01,91.6,19.04,51.7764,20.39,91601.0,10.428,7.3,1.0
1981-08-01,92.3,17.82,51.7129,20.5,91565.0,12.681,7.2,1.0
1981-09-01,93.2,15.87,51.4605,20.08,91477.0,11.08,7.3,1.0
1981-10-01,93.4,15.08,51.0625,18.45,91380.0,9.418,7.5,1.0
1981-11-01,93.7,13.31,50.473,16.84,91171.0,9.494,7.9,1.0
1981-12-01,94.0,12.37,49.9364,15.75,90895.0,9.055,8.3,1.0
1982-01-01,94.3,13.22,48.9114,15.75,90565.0,10.285,9.4,1.0
1982-02-01,94.6,14.78,49.9102,16.56,90563.0,10.924,9.6,1.0
1982-03-01,94.5,14.68,49.5691,16.5,90434.0,10.651,9.5,1.0
1982-04-01,94.9,14.94,49.1146,16.5,90150.0,9.747,9.2,1.0
1982-05-01,95.8,14.45,48.7805,16.5,90107.0,11.103,9.1,1.0
1982-06-01,97.0,14.15,48.6606,16.5,89865.0,9.613,9.8,1.0
1982-07-01,97.5,12.59,48.4863,16.26,89521.0,9.759,9.8,1.0
1982-08-01,97.7,10.12,48.0569,14.39,89363.0,9.947,9.6,1.0
1982-09-01,97.9,10.31,47.9303,13.5,89183.0,11.129,9.7,1.0
1982-10-01,98.2,9.71,47.4738,12.52,88907.0,10.14,9.9,1.0
1982-11-01,98.0,9.2,47.32,11.85,88786.0,12.03,10.4,1.0
1982-12-01,97.6,8.95,46.9813,11.5,88771.0,11.249,10.5,0.0
1983-01-01,97.8,8.68,47.8523,11.16,88990.0,10.865,11.4,0.0
1983-02-01,97.9,8.51,47.5667,10.98,88917.0,10.608,11.3,0.0
1983-03-01,97.9,8.77,47.9599,10.5,89090.0,11.023,10.8,0.0
1983-04-01,98.6,8.8,48.5564,10.5,89364.0,11.673,10.0,0.0
1983-05-01,99.2,8.63,48.8647,10.5,89644.0,12.028,9.8,0.0
1983-06-01,99.5,8.98,49.1558,10.5,90021.0,12.96,10.2,0.0
1983-07-01,99.9,9.37,49.8873,10.5,90437.0,12.917,9.4,0.0
1983-08-01,100.2,9.56,50.4843,10.89,90129.0,12.246,9.2,0.0
1983-09-01,100.7,9.45,51.216,11.0,91247.0,12.451,8.8,0.0
1983-10-01,101.0,9.48,51.6139,11.0,91520.0,13.311,8.4,0.0
1983-11-01,101.2,9.34,51.842,11.0,91875.0,13.125,8.1,0.0
1983-12-01,101.3,9.47,52.0948,11.0,92230.0,14.503,8.0,0.0
1984-01-01,101.9,9.56,53.1348,11.0,92673.0,14.21,8.8,0.0
1984-02-01,102.4,9.59,53.3763,11.0,93157.0,14.381,8.4,0.0
1984-03-01,102.6,9.91,53.6314,11.21,93429.0,14.21,8.1,0.0
1984-04-01,103.1,10.29,53.9491,11.93,93792.0,14.357,7.6,0.0
1984-05-01,103.4,10.32,54.2396,12.39,94098.0,14.856,7.2,0.0
1984-06-01,103.7,11.06,54.4288,12.6,94479.0,14.673,7.4,0.0
1984-07-01,104.1,11.23,54.5865,13.0,94789.0,14.758,7.5,0.0
1984-08-01,104.5,11.64,54.653,13.0,95032.0,14.279,7.3,0.0
1984-09-01,105.0,11.3,54.4949,12.97,95344.0,13.959,7.1,0.0
1984-10-01,105.3,9.99,54.4772,12.58,95629.0,14.642,7.0,0.0
1984-11-01,105.3,9.43,54.6594,11.77,95982.0,14.774,6.9,0.0
1984-12-01,105.3,8.38,54.6892,11.06,96107.0,14.602,7.0,0.0
1985-01-01,105.5,8.35,54.6505,10.61,96372.0,15.563,8.0,0.0
1985-02-01,106.0,8.5,54.8169,10.5,96503.0,15.724,7.8,0.0
1985-03-01,106.4,8.58,54.8978,10.5,96842.0,15.358,7.5,0.0
1985-04-01,106.9,8.27,54.7833,10.5,97038.0,15.521,7.1,0.0
1985-05-01,107.3,7.97,54.8704,10.31,97312.0,15.561,7.0,0.0
1985-06-01,107.6,7.53,54.8401,9.78,97459.0,15.093,7.5,0.0
1985-07-01,107.8,7.88,54.5582,9.5,97648.0,15.498,7.4,0.0
1985-08-01,108.0,7.9,54.7381,9.5,97840.0,16.91,6.9,0.0
1985-09-01,108.3,7.92,54.9416,9.5,98045.0,19.104,6.9,0.0
1985-10-01,108.7,7.99,54.7538,9.5,98233.0,14.185,6.8,0.0
1985-11-01,109.0,8.05,54.939,9.5,98443.0,14.622,6.7,0.0
1985-12-01,109.3,8.27,55.4945,9.5,98609.0,15.711,6.7,0.0
1986-01-01,109.6,8.14,55.7802,9.5,98732.0,16.06,7.3,0.0
1986-02-01,109.3,7.86,55.3994,9.5,98847.0,15.371,7.8,0.0
1986-03-01,108.8,7.48,55.0001,9.1,98934.0,14.161,7.5,0.0
1986-04-01,108.6,6.99,55.0641,8.83,99121.0,15.849,7.0,0.0
1986-05-01,108.9,6.85,55.1705,8.5,99248.0,16.302,7.0,0.0
1986-06-01,109.5,6.92,54.9588,8.5,99155.0,15.92,7.3,0.0
1986-07-01,109.5,6.56,55.2944,8.16,99473.0,15.742,7.0,0.0
1986-08-01,109.7,6.17,55.2029,7.9,99588.0,17.285,6.7,0.0
1986-09-01,110.2,5.89,55.3511,7.5,99934.0,21.495,6.8,0.0
1986-10-01,110.3,5.85,55.5857,7.5,100121.0,14.793,6.6,0.0
1986-11-01,110.4,6.04,55.803,7.5,100308.0,14.822,6.6,0.0
1986-12-01,110.5,6.91,56.3441,7.5,100509.0,18.079,6.3,0.0
1987-01-01,111.2,6.43,56.1259,7.5,100678.0,12.414,7.3,0.0
1987-02-01,111.6,6.1,56.8779,7.5,100919.0,15.109,7.2,0.0
1987-03-01,112.1,6.13,56.9516,7.5,101164.0,15.299,6.9,0.0
1987-04-01,112.7,6.37,57.3177,7.75,101499.0,15.452,6.2,0.0
1987-05-01,113.1,6.85,57.6774,8.14,101728.0,14.572,6.1,0.0
1987-06-01,113.5,6.73,57.9875,8.25,101900.0,15.619,6.3,0.0
1987-07-01,113.8,6.58,58.379,8.25,102247.0,15.655,6.1,0.0
1987-08-01,114.4,6.73,58.8171,8.25,102420.0,17.092,5.8,0.0
1987-09-01,115.0,7.22,59.0391,8.7,102647.0,16.119,5.7,0.0
1987-10-01,115.3,7.29,59.834,9.07,103138.0,14.258,5.7,0.0
1987-11-01,115.4,6.69,60.1367,8.78,103372.0,14.543,5.6,0.0
1987-12-01,115.4,6.77,60.4739,8.75,103661.0,15.645,5.4,0.0
1988-01-01,115.7,6.83,60.4594,8.75,103753.0,16.083,6.3,0.0
1988-02-01,116.0,6.58,60.7643,8.51,104214.0,16.513,6.2,0.0
1988-03-01,116.5,6.58,60.8948,8.5,104489.0,16.182,5.9,0.0
1988-04-01,117.1,6.87,61.2475,8.5,104732.0,15.545,5.3,0.0
1988-05-01,117.5,7.09,61.1353,8.84,104962.0,15.941,5.4,0.0
1988-06-01,118.0,7.51,61.2995,9.0,105326.0,15.854,5.5,0.0
1988-07-01,118.5,7.75,61.311,9.29,105550.0,15.704,5.5,0.0
1988-08-01,119.0,8.01,61.6234,9.84,105674.0,15.385,5.4,0.0
1988-09-01,119.8,8.19,61.4255,10.0,106013.0,15.047,5.2,0.0
1988-10-01,120.2,8.3,61.694,10.0,106276.0,15.162,5.0,0.0
1988-11-01,120.3,8.35,61.8494,10.05,106617.0,15.394,5.2,0.0
1988-12-01,120.5,8.76,62.1171,10.5,106898.0,16.437,5.0,0.0
1989-01-01,121.1,9.12,62.3103,10.5,107161.0,15.372,6.0,0.0
1989-02-01,121.6,9.36,62.0353,10.93,107427.0,14.991,5.6,0.0
1989-03-01,122.3,9.85,62.195,11.5,107621.0,14.662,5.2,0.0
1989-04-01,123.1,9.84,62.1753,11.5,107791.0,16.024,5.1,0.0
1989-05-01,123.8,9.81,61.8321,11.5,107913.0,15.267,5.0,0.0
1989-06-01,124.1,9.53,61.8246,11.07,108027.0,14.384,5.5,0.0
1989-07-01,124.4,9.24,61.2285,10.98,108069.0,14.695,5.3,0.0
1989-08-01,124.6,8.99,61.8334,10.5,108120.0,16.547,5.1,0.0
1989-09-01,125.0,9.02,61.6221,10.5,108369.0,15.66,5.1,0.0
1989-10-01,125.6,8.84,61.5537,10.5,108476.0,13.581,5.0,0.0
1989-11-01,125.9,8.55,61.7575,10.5,108752.0,13.37,5.2,0.0
1989-12-01,126.1,8.45,62.1111,10.5,108836.0,13.55,5.1,0.0
1990-01-01,127.4,8.23,61.7781,10.11,109199.0,16.308,6.0,0.0
1990-02-01,128.0,8.24,62.3426,10.0,109435.0,14.363,5.9,0.0
1990-03-01,128.7,8.28,62.6446,10.0,109644.0,14.486,5.5,0.0
1990-04-01,128.9,8.26,62.5104,10.0,109686.0,14.281,5.3,0.0
1990-05-01,129.2,8.18,62.6898,10.0,109839.0,14.022,5.2,0.0
1990-06-01,129.9,8.29,62.8923,10.0,109856.0,14.149,5.4,0.0
1990-07-01,130.4,8.15,62.7933,10.0,109824.0,14.081,5.6,1.0
1990-08-01,131.6,8.13,63.0241,10.0,109616.0,13.859,5.5,1.0
1990-09-01,132.7,8.2,63.0328,10.0,109518.0,14.298,5.6,1.0
1990-10-01,133.5,8.11,62.6466,10.0,109367.0,13.749,5.5,1.0
1990-11-01,133.8,7.81,61.8681,10.0,109214.0,13.134,5.9,1.0
1990-12-01,133.8,7.31,61.4345,10.0,109166.0,12.958,6.0,1.0
1991-01-01,134.6,6.91,61.2241,9.52,109055.0,11.829,7.1,1.0
1991-02-01,134.8,6.25,60.779,9.05,108734.0,12.409,7.3,1.0
1991-03-01,135.0,6.12,60.4377,9.0,108574.0,12.848,7.2,1.0
1991-04-01,135.2,5.91,60.5982,9.0,108364.0,12.038,6.5,0.0
1991-05-01,135.6,5.78,61.2041,8.5,108249.0,12.487,6.7,0.0
1991-06-01,136.0,5.9,61.6923,8.5,108334.0,12.719,7.0,0.0
1991-07-01,136.2,5.82,61.8569,8.5,108292.0,12.972,6.8,0.0
1991-08-01,136.6,5.66,61.8681,8.5,108310.0,12.565,6.6,0.0
1991-09-01,137.2,5.45,62.3855,8.2,108336.0,13.107,6.5,0.0
1991-10-01,137.4,5.21,62.3229,8.0,108357.0,12.217,6.5,0.0
1991-11-01,137.8,4.81,62.2427,7.58,108296.0,12.576,6.7,0.0
1991-12-01,137.9,4.43,61.9705,7.21,108328.0,12.658,6.9,0.0
1992-01-01,138.1,4.03,61.6471,6.5,108369.0,12.591,8.1,0.0
1992-02-01,138.6,4.06,62.0794,6.5,108311.0,12.927,8.2,0.0
1992-03-01,139.3,3.98,62.5955,6.5,108365.0,12.824,7.8,0.0
1992-04-01,139.5,3.73,63.0726,6.5,108519.0,12.55,7.2,0.0
1992-05-01,139.7,3.82,63.2761,6.5,108649.0,13.098,7.3,0.0
1992-06-01,140.2,3.76,63.3102,6.5,108715.0,13.543,8.0,0.0
1992-07-01,140.5,3.25,63.8769,6.02,108793.0,12.853,7.7,0.0
1992-08-01,140.9,3.3,63.5221,6.0,108925.0,12.873,7.4,0.0
1992-09-01,141.3,3.22,63.7217,6.0,108959.0,13.378,7.3,0.0
1992-10-01,141.8,3.1,64.1556,6.0,109139.0,13.655,6.9,0.0
1992-11-01,142.0,3.09,64.4144,6.0,109272.0,13.218,7.1,0.0
1992-12-01,141.9,2.92,64.5161,6.0,109495.0,13.784,7.1,0.0
1993-01-01,142.6,3.02,64.7738,6.0,109794.0,13.457,8.0,0.0
1993-02-01,143.1,3.03,65.0805,6.0,110044.0,12.969,7.8,0.0
1993-03-01,143.6,3.07,65.0176,6.0,109994.0,13.326,7.4,0.0
1993-04-01,144.0,2.96,65.2041,6.0,110296.0,14.527,6.9,0.0
1993-05-01,144.2,3.0,64.9433,6.0,110568.0,14.519,6.8,0.0
1993-06-01,144.4,3.04,65.0984,6.0,110749.0,14.49,7.2,0.0
1993-07-01,144.4,3.06,65.2554,6.0,111055.0,14.451,7.0,0.0
1993-08-01,144.8,3.03,65.1946,6.0,111206.0,13.584,6.6,0.0
1993-09-01,145.1,3.09,65.5282,6.0,111448.0,13.99,6.4,0.0
1993-10-01,145.7,2.99,66.0152,6.0,111733.0,14.911,6.4,0.0
1993-11-01,145.8,3.02,66.3292,6.0,111984.0,14.882,6.2,0.0
1993-12-01,145.8,2.96,66.7038,6.0,112314.0,15.004,6.1,0.0
1994-01-01,146.2,3.05,66.9164,6.0,112595.0,15.379,7.3,0.0
1994-02-01,146.7,3.25,66.9642,6.0,112781.0,15.52,7.1,0.0
1994-03-01,147.2,3.34,67.6335,6.06,113242.0,15.301,6.8,0.0
1994-04-01,147.4,3.56,68.0334,6.45,113586.0,16.013,6.2,0.0
1994-05-01,147.5,4.01,68.3531,6.99,113921.0,14.577,5.9,0.0
1994-06-01,148.0,4.25,68.8002,7.25,114238.0,15.109,6.2,0.0
1994-07-01,148.4,4.26,68.8863,7.25,114610.0,14.875,6.2,0.0
1994-08-01,149.0,4.47,69.3412,7.51,114896.0,15.359,5.9,0.0
1994-09-01,149.4,4.73,69.5574,7.75,115247.0,15.274,5.6,0.0
1994-10-01,149.5,4.76,70.119,7.75,115458.0,15.894,5.4,0.0
1994-11-01,149.7,5.29,70.5942,8.15,115869.0,15.89,5.3,0.0
1994-12-01,149.7,5.45,71.2814,8.5,116165.0,15.584,5.1,0.0
1995-01-01,150.3,5.53,71.4303,8.5,116501.0,14.801,6.2,0.0
1995-02-01,150.9,5.92,71.3343,9.0,116697.0,14.861,5.9,0.0
1995-03-01,151.4,5.98,71.4451,9.0,116907.0,15.256,5.7,0.0
1995-04-01,151.9,6.05,71.3289,9.0,117069.0,14.378,5.6,0.0
1995-05-01,152.2,6.01,71.66,9.0,117049.0,14.806,5.5,0.0
1995-06-01,152.5,6.0,71.8967,9.0,117286.0,15.407,5.8,0.0
1995-07-01,152.5,5.85,71.5924,8.8,117380.0,14.7,5.9,0.0
1995-08-01,152.9,5.74,72.5339,8.75,117634.0,15.368,5.6,0.0
1995-09-01,153.2,5.8,72.8247,8.75,117875.0,15.338,5.4,0.0
1995-10-01,153.7,5.76,72.713,8.75,118031.0,14.861,5.2,0.0
1995-11-01,153.6,5.8,72.8884,8.75,118175.0,15.38,5.3,0.0
1995-12-01,153.5,5.6,73.1429,8.65,118320.0,16.262,5.2,0.0
1996-01-01,154.4,5.56,72.7471,8.5,118316.0,14.812,6.3,0.0
1996-02-01,154.9,5.22,73.7871,8.25,118739.0,15.587,6.0,0.0
1996-03-01,155.7,5.31,73.6749,8.25,118993.0,16.044,5.8,0.0
1996-04-01,156.3,5.22,74.4153,8.25,119158.0,15.466,5.4,0.0
1996-05-01,156.6,5.24,74.9718,8.25,119486.0,15.993,5.4,0.0
1996-06-01,156.7,5.27,75.5317,8.25,119769.0,15.256,5.5,0.0
1996-07-01,157.0,5.4,75.5323,8.25,120015.0,15.074,5.6,0.0
1996-08-01,157.3,5.22,75.9129,8.25,120199.0,15.486,5.1,0.0
1996-09-01,157.8,5.3,76.4032,8.25,120410.0,15.534,5.0,0.0
1996-10-01,158.3,5.24,76.3931,8.25,120665.0,15.308,4.9,0.0
1996-11-01,158.6,5.31,77.0672,8.25,120961.0,15.712,5.0,0.0
1996-12-01,158.6,5.29,77.5543,8.25,121143.0,15.183,5.0,0.0
1997-01-01,159.1,5.25,77.6945,8.25,121363.0,15.682,5.9,0.0
1997-02-01,159.6,5.19,78.612,8.25,121675.0,15.271,5.7,0.0
1997-03-01,160.0,5.39,79.1021,8.3,121990.0,15.816,5.5,0.0
1997-04-01,160.2,5.51,79.1683,8.5,122286.0,15.058,4.8,0.0
1997-05-01,160.1,5.5,79.6084,8.5,122546.0,15.088,4.7,0.0
1997-06-01,160.3,5.56,79.9802,8.5,122814.0,14.524,5.2,0.0
1997-07-01,160.5,5.52,80.6492,8.5,123111.0,15.568,5.0,0.0
1997-08-01,160.8,5.54,81.4548,8.5,123093.0,16.148,4.8,0.0
1997-09-01,161.2,5.54,82.212,8.5,123585.0,15.096,4.7,0.0
1997-10-01,161.6,5.5,82.9309,8.5,123929.0,15.431,4.4,0.0
1997-11-01,161.5,5.52,83.5919,8.5,124235.0,15.825,4.3,0.0
1997-12-01,161.3,5.5,83.9696,8.5,124549.0,16.474,4.4,0.0
1998-01-01,161.6,5.56,84.3467,8.5,124812.0,14.789,5.2,0.0
1998-02-01,161.9,5.51,84.4865,8.5,125016.0,15.232,5.0,0.0
1998-03-01,162.2,5.49,84.5212,8.5,125164.0,15.405,5.0,0.0
1998-04-01,162.5,5.45,84.8275,8.5,125442.0,15.923,4.1,0.0
1998-05-01,162.8,5.49,85.3596,8.5,125844.0,17.057,4.2,0.0
1998-06-01,163.0,5.56,84.8466,8.5,126076.0,16.771,4.7,0.0
1998-07-01,163.2,5.54,84.5061,8.5,126205.0,14.668,4.7,0.0
1998-08-01,163.4,5.55,86.2464,8.5,126544.0,14.796,4.5,0.0
1998-09-01,163.6,5.51,86.1707,8.49,126752.0,16.313,4.4,0.0
1998-10-01,164.0,5.07,86.7671,8.12,126954.0,17.131,4.2,0.0
1998-11-01,164.0,4.83,86.6929,7.89,127231.0,16.118,4.1,0.0
1998-12-01,163.9,4.68,87.0633,7.75,127596.0,17.409,4.0,0.0
1999-01-01,164.3,4.63,87.4252,7.75,127702.0,16.593,4.8,0.0
1999-02-01,164.5,4.76,87.926,7.75,128120.0,17.097,4.7,0.0
1999-03-01,165.0,4.81,88.1101,7.75,128227.0,16.832,4.4,0.0
1999-04-01,166.2,4.74,88.3106,7.75,128597.0,16.929,4.1,0.0
1999-05-01,166.2,4.74,88.8487,7.75,128808.0,17.564,4.0,0.0
1999-06-01,166.2,4.76,88.7978,7.75,129089.0,17.346,4.5,0.0
1999-07-01,166.7,4.99,89.3119,8.0,129414.0,17.688,4.5,0.0
1999-08-01,167.1,5.07,89.7109,8.06,129569.0,17.641,4.2,0.0
1999-09-01,167.9,5.22,89.3331,8.25,129772.0,17.662,4.1,0.0
1999-10-01,168.2,5.2,90.4924,8.25,130177.0,17.684,3.8,0.0
1999-11-01,168.3,5.42,90.965,8.37,130466.0,17.62,3.8,0.0
1999-12-01,168.3,5.3,91.6804,8.5,130772.0,18.322,3.7,0.0
2000-01-01,168.8,5.45,91.6261,8.5,131005.0,18.635,4.5,0.0
2000-02-01,169.8,5.73,91.9626,8.73,131124.0,19.401,4.4,0.0
2000-03-01,171.2,5.85,92.3118,8.83,131596.0,18.343,4.3,0.0
2000-04-01,171.3,6.02,92.8872,9.0,131888.0,17.939,3.7,0.0
2000-05-01,171.5,6.27,93.162,9.24,132105.0,17.943,3.8,0.0
2000-06-01,172.4,6.53,93.2168,9.5,132061.0,17.596,4.1,0.0
2000-07-01,172.8,6.54,93.04,9.5,132236.0,17.316,4.2,0.0
2000-08-01,172.8,6.5,92.79,9.5,132230.0,17.531,4.1,0.0
2000-09-01,173.7,6.52,93.1547,9.5,132353.0,18.654,3.8,0.0
2000-10-01,174.0,6.51,92.8361,9.5,132351.0,17.514,3.6,0.0
2000-11-01,174.1,6.51,92.8395,9.5,132556.0,16.634,3.7,0.0
2000-12-01,174.0,6.4,92.5334,9.5,132709.0,16.222,3.7,0.0
2001-01-01,175.1,5.98,92.0304,9.05,132698.0,17.652,4.7,0.0
2001-02-01,175.8,5.49,91.4079,8.5,132789.0,17.826,4.6,0.0
2001-03-01,176.2,5.31,91.1751,8.32,132747.0,17.248,4.5,1.0
2001-04-01,176.9,4.8,90.8767,7.8,132463.0,16.872,4.2,1.0
2001-05-01,177.7,4.21,90.375,7.24,132410.0,16.876,4.1,1.0
2001-06-01,178.0,3.97,89.8626,6.98,132299.0,17.464,4.7,1.0
2001-07-01,177.5,3.77,89.3288,6.75,132177.0,16.463,4.7,1.0
2001-08-01,177.5,3.65,89.2201,6.67,132028.0,16.348,4.9,1.0
2001-09-01,178.3,3.07,88.7478,6.28,131771.0,16.365,4.7,1.0
2001-10-01,177.7,2.49,88.4755,5.53,131454.0,22.055,5.0,1.0
2001-11-01,177.4,2.09,87.9631,5.1,131142.0,18.031,5.3,1.0
2001-12-01,176.7,1.82,87.9329,4.84,130982.0,16.465,5.4,0.0
2002-01-01,177.1,1.73,88.5452,4.75,130852.0,16.523,6.3,0.0
2002-02-01,177.8,1.74,88.5362,4.75,130736.0,17.304,6.1,0.0
2002-03-01,178.8,1.73,89.2097,4.75,130717.0,17.107,6.1,0.0
2002-04-01,179.8,1.75,89.6389,4.75,130623.0,17.668,5.7,0.0
2002-05-01,179.8,1.75,90.0271,4.75,130634.0,16.197,5.5,0.0
2002-06-01,179.9,1.75,90.7645,4.75,130684.0,16.953,6.0,0.0
2002-07-01,180.1,1.73,90.7437,4.75,130590.0,18.147,5.9,0.0
2002-08-01,180.7,1.74,90.6268,4.75,130587.0,18.449,5.7,0.0
2002-09-01,181.0,1.75,90.7241,4.75,130501.0,16.665,5.4,0.0
2002-10-01,181.3,1.75,90.4879,4.75,130628.0,16.259,5.3,0.0
2002-11-01,181.3,1.34,90.9823,4.35,130615.0,16.52,5.6,0.0
2002-12-01,180.9,1.24,90.4919,4.25,130472.0,17.866,5.7,0.0
2003-01-01,181.7,1.24,91.2395,4.25,130580.0,16.708,6.5,0.0
2003-02-01,183.1,1.26,91.3384,4.25,130444.0,16.114,6.4,0.0
2003-03-01,184.2,1.25,91.069,4.25,130232.0,16.467,6.2,0.0
2003-04-01,183.8,1.26,90.4913,4.25,130177.0,16.751,5.8,0.0
2003-05-01,183.5,1.26,90.4697,4.25,130196.0,16.47,5.8,0.0
2003-06-01,183.7,1.22,90.5899,4.22,130194.0,17.013,6.5,0.0
2003-07-01,183.9,1.01,91.0614,4.0,130191.0,17.117,6.3,0.0
2003-08-01,184.6,1.03,90.8452,4.0,130149.0,18.262,6.0,0.0
2003-09-01,185.2,1.01,91.4453,4.0,130254.0,17.286,5.8,0.0
2003-10-01,185.0,1.01,91.5595,4.0,130454.0,16.489,5.6,0.0
2003-11-01,184.5,1.0,92.1763,4.0,130474.0,17.563,5.6,0.0
2003-12-01,184.3,0.98,92.2532,4.0,130588.0,17.357,5.4,0.0
2004-01-01,185.2,1.0,92.4067,4.0,130769.0,16.695,6.3,0.0
2004-02-01,186.2,1.01,92.9687,4.0,130825.0,17.032,6.0,0.0
2004-03-01,187.4,1.0,92.6,4.0,131142.0,17.247,6.0,0.0
2004-04-01,188.0,1.0,92.9761,4.0,131411.0,16.898,5.4,0.0
2004-05-01,189.1,1.0,93.6446,4.0,131694.0,18.186,5.3,0.0
2004-06-01,189.7,1.03,92.9303,4.01,131793.0,16.173,5.8,0.0
2004-07-01,189.4,1.26,93.6109,4.25,131848.0,17.309,5.7,0.0
2004-08-01,189.5,1.43,93.6958,4.43,131937.0,17.157,5.4,0.0
2004-09-01,189.9,1.61,93.7958,4.58,132093.0,17.875,5.1,0.0
2004-10-01,190.9,1.76,94.6226,4.75,132447.0,17.514,5.1,0.0
2004-11-01,191.0,1.93,94.8491,4.93,132503.0,17.362,5.2,0.0
2004-12-01,190.3,2.16,95.5841,5.15,132624.0,18.102,5.1,0.0
2005-01-01,190.7,2.28,95.9285,5.25,132774.0,16.889,5.7,0.0
2005-02-01,191.8,2.5,96.6287,5.49,133032.0,16.886,5.8,0.0
2005-03-01,193.3,2.63,96.4907,5.58,133156.0,17.413,5.4,0.0
2005-04-01,194.6,2.79,96.6809,5.75,133518.0,17.756,4.9,0.0
2005-05-01,194.4,3.0,96.7925,5.98,133690.0,17.414,4.9,0.0
2005-06-01,194.5,3.04,97.19,6.01,133942.0,18.482,5.2,0.0
2005-07-01,195.4,3.26,96.8981,6.25,134296.0,21.135,5.2,0.0
2005-08-01,196.4,3.5,97.2223,6.44,134498.0,17.418,4.9,0.0
2005-09-01,198.8,3.62,95.3463,6.59,134566.0,16.927,4.8,0.0
2005-10-01,199.2,3.78,96.4981,6.75,134655.0,15.336,4.6,0.0
2005-11-01,197.6,4.0,97.5646,7.0,134993.0,16.524,4.8,0.0
2005-12-01,196.8,4.16,98.0222,7.15,135149.0,17.174,4.6,0.0
2006-01-01,198.3,4.29,98.2044,7.26,135429.0,18.081,5.1,0.0
2006-02-01,198.7,4.49,98.2404,7.5,135737.0,17.071,5.1,0.0
2006-03-01,199.8,4.59,98.4742,7.53,136047.0,16.96,4.8,0.0
2006-04-01,201.5,4.79,98.7765,7.75,136205.0,17.127,4.5,0.0
2006-05-01,202.5,4.94,98.7884,7.93,136244.0,16.729,4.4,0.0
2006-06-01,202.9,4.99,99.1069,8.02,136325.0,16.9,4.8,0.0
2006-07-01,203.5,5.24,99.0357,8.25,136520.0,17.662,5.0,0.0
2006-08-01,203.9,5.25,99.4583,8.25,136694.0,16.458,4.6,0.0
2006-09-01,202.9,5.25,99.2544,8.25,136843.0,16.974,4.4,0.0
2006-10-01,201.8,5.25,99.1514,8.25,136852.0,16.865,4.1,0.0
2006-11-01,201.5,5.25,99.0974,8.25,137063.0,16.657,4.3,0.0
2006-12-01,201.8,5.24,100.1117,8.25,137249.0,17.107,4.3,0.0
2007-01-01,202.416,5.25,99.7226,8.25,137477.0,16.896,5.0,0.0
2007-02-01,203.499,5.26,100.6919,8.25,137558.0,17.169,4.9,0.0
2007-03-01,205.352,5.26,100.8857,8.25,137793.0,16.438,4.5,0.0
2007-04-01,206.686,5.25,101.5777,8.25,137842.0,16.615,4.3,0.0
2007-05-01,207.949,5.25,101.6481,8.25,137993.0,16.661,4.3,0.0
2007-06-01,208.352,5.25,101.6741,8.25,138069.0,16.179,4.7,0.0
2007-07-01,208.299,5.26,101.5627,8.25,138038.0,15.837,4.9,0.0
2007-08-01,207.917,5.02,101.7751,8.25,138015.0,16.379,4.6,0.0
2007-09-01,208.49,4.94,102.0279,8.03,138095.0,16.532,4.5,0.0
2007-10-01,208.936,4.76,101.7289,7.74,138174.0,16.455,4.4,0.0
2007-11-01,210.177,4.49,102.3185,7.5,138284.0,16.354,4.5,0.0
2007-12-01,210.036,4.24,102.3074,7.33,138392.0,16.03,4.8,1.0
2008-01-01,211.08,3.94,102.1686,6.98,138403.0,15.705,5.4,1.0
2008-02-01,211.693,2.98,101.7673,6.0,138324.0,15.491,5.2,1.0
2008-03-01,213.528,2.61,101.3986,5.66,138275.0,15.114,5.2,1.0
2008-04-01,214.823,2.28,100.7238,5.24,138035.0,14.605,4.8,1.0
2008-05-01,216.632,1.98,100.1399,5.0,137858.0,14.697,5.2,1.0
2008-06-01,218.815,2.0,99.9141,5.0,137687.0,14.377,5.7,1.0
2008-07-01,219.964,2.01,99.4943,5.0,137491.0,13.006,6.0,1.0
2008-08-01,219.086,2.0,97.9367,5.0,137213.0,14.119,6.1,1.0
2008-09-01,218.783,1.81,93.6585,5.0,136753.0,12.961,6.0,1.0
2008-10-01,216.573,0.97,94.5845,4.56,136272.0,10.933,6.1,1.0
2008-11-01,212.425,0.39,93.3455,4.0,135545.0,10.526,6.5,1.0
2008-12-01,210.228,0.16,90.7183,3.61,134839.0,10.383,7.1,1.0
2009-01-01,211.143,0.15,88.4683,3.25,134055.0,9.786,8.5,1.0
2009-02-01,212.193,0.22,87.936,3.25,133312.0,9.223,8.9,1.0
2009-03-01,212.709,0.18,86.5503,3.25,132512.0,9.748,9.0,1.0
2009-04-01,213.24,0.15,85.8598,3.25,131817.0,9.379,8.6,1.0
2009-05-01,213.856,0.18,84.9991,3.25,131475.0,10.176,9.1,1.0
2009-06-01,215.693,0.21,84.7277,3.25,131008.0,10.149,9.7,1.0
2009-07-01,215.351,0.16,85.7091,3.25,130668.0,11.566,9.7,0.0
2009-08-01,215.834,0.16,86.6333,3.25,130485.0,14.754,9.6,0.0
2009-09-01,215.969,0.15,87.3615,3.25,130244.0,9.535,9.5,0.0
2009-10-01,216.177,0.12,87.5488,3.25,130045.0,10.576,9.5,0.0
2009-11-01,216.33,0.12,87.9144,3.25,130057.0,11.041,9.4,0.0
2009-12-01,215.949,0.12,88.2318,3.25,129788.0,11.284,9.7,0.0
2010-01-01,216.687,0.11,89.1936,3.25,129790.0,10.893,10.6,0.0
2010-02-01,216.741,0.13,89.5089,3.25,129698.0,10.315,10.4,0.0
2010-03-01,217.631,0.16,90.1449,3.25,129879.0,11.772,10.2,0.0
2010-04-01,218.009,0.2,90.474,3.25,130110.0,11.454,9.5,0.0
2010-05-01,218.178,0.2,91.7131,3.25,130650.0,12.03,9.3,0.0
2010-06-01,217.965,0.18,91.9287,3.25,130511.0,11.598,9.6,0.0
2010-07-01,218.011,0.18,92.2737,3.25,130427.0,11.948,9.7,0.0
2010-08-01,218.312,0.19,92.615,3.25,130422.0,12.014,9.5,0.0
2010-09-01,218.439,0.19,92.8668,3.25,130357.0,11.922,9.2,0.0
2010-10-01,218.711,0.19,92.6138,3.25,130625.0,12.414,9.0,0.0
2010-11-01,218.803,0.19,92.6772,3.25,130750.0,12.3,9.3,0.0
2010-12-01,219.179,0.18,93.5741,3.25,130822.0,12.605,9.1,0.0
2011-01-01,220.223,0.17,93.3793,3.25,130841.0,12.806,9.8,0.0
2011-02-01,221.309,0.16,93.0051,3.25,131053.0,13.081,9.5,0.0
2011-03-01,223.467,0.14,93.978,3.25,131288.0,13.259,9.2,0.0
2011-04-01,224.906,0.1,93.6525,3.25,131602.0,13.326,8.7,0.0
2011-05-01,225.964,0.09,93.7878,3.25,131703.0,12.28,8.7,0.0
2011-06-01,225.722,0.09,94.0378,3.25,131939.0,11.886,9.3,0.0
2011-07-01,225.922,0.07,94.5146,3.25,131999.0,12.72,9.3,0.0
2011-08-01,226.545,0.1,95.1263,3.25,132125.0,12.604,9.1,0.0
2011-09-01,226.889,0.08,95.0732,3.25,132358.0,13.356,8.8,0.0
2011-10-01,226.421,0.07,95.7291,3.25,132562.0,13.73,8.5,0.0
2011-11-01,226.23,0.08,95.7455,3.25,132694.0,13.743,8.2,0.0
2011-12-01,225.672,0.07,96.2147,3.25,132896.0,13.798,8.3,0.0
2012-01-01,226.665,0.08,96.8051,3.25,133250.0,14.395,8.8,0.0
2012-02-01,227.663,0.1,97.1033,3.25,133512.0,14.975,8.7,0.0
2012-03-01,229.392,0.13,96.5973,3.25,133752.0,14.594,8.4,0.0
2012-04-01,230.085,0.14,97.3006,3.25,133834.0,14.769,7.7,0.0
2012-05-01,229.815,0.16,97.5046,3.25,133934.0,14.496,7.9,0.0
2012-06-01,229.478,0.16,97.4903,3.25,134007.0,14.467,8.4,0.0
2012-07-01,229.104,0.16,97.7234,3.25,134159.0,14.38,8.6,0.0
2012-08-01,230.379,0.13,97.313,3.25,134331.0,14.444,8.2,0.0
2012-09-01,231.407,0.14,97.2405,3.25,134518.0,15.099,7.6,0.0
2012-10-01,231.317,0.16,97.561,3.25,134677.0,14.83,7.5,0.0
2012-11-01,230.221,0.16,97.9589,3.25,134833.0,15.456,7.4,0.0
2012-12-01,229.601,0.16,98.2061,3.25,135072.0,15.462,7.6,0.0
2013-01-01,230.28,0.14,98.199,3.25,135263.0,15.813,8.5,0.0
2013-02-01,232.166,0.15,98.6835,3.25,135541.0,15.861,8.1,0.0
2013-03-01,232.773,0.14,99.0994,3.25,135680.0,15.721,7.6,0.0
2013-04-01,232.531,0.15,98.9898,3.25,135871.0,15.811,7.1,0.0
2013-05-01,232.945,0.11,99.0782,3.25,136093.0,15.884,7.3,0.0
2013-06-01,233.504,0.09,99.2141,3.25,136274.0,16.149,7.8,0.0
2013-07-01,233.596,0.09,98.9132,3.25,136386.0,16.021,7.7,0.0
2013-08-01,233.877,0.08,99.4891,3.25,136628.0,15.827,7.3,0.0
2013-09-01,234.149,0.08,100.0172,3.25,136815.0,15.857,7.0,0.0
2013-10-01,233.546,0.09,99.9038,3.25,137040.0,15.727,7.0,0.0
2013-11-01,233.069,0.08,100.1479,3.25,137304.0,16.079,6.6,0.0
2013-12-01,233.049,0.09,100.3576,3.25,137373.0,15.835,6.5,0.0
2014-01-01,233.916,0.07,99.9828,3.25,137548.0,15.614,7.0,0.0
2014-02-01,234.781,0.07,100.7485,3.25,137714.0,15.993,7.0,0.0
2014-03-01,236.293,0.08,101.7391,3.25,137968.0,16.985,6.8,0.0
2014-04-01,237.072,0.09,101.8023,3.25,138293.0,16.695,5.9,0.0
2014-05-01,237.9,0.09,102.2116,3.25,138511.0,17.137,6.1,0.0
2014-06-01,238.343,0.1,102.5637,3.25,138837.0,17.516,6.3,0.0
2014-07-01,238.25,0.09,102.8425,3.25,139069.0,17.277,6.5,0.0
2014-08-01,237.852,0.09,102.6499,3.25,139257.0,17.239,6.3,0.0
2014-09-01,238.031,0.09,102.9647,3.25,139566.0,16.959,5.7,0.0
2014-10-01,237.433,0.09,102.9704,3.25,139818.0,16.756,5.5,0.0
2014-11-01,236.151,0.09,103.6017,3.25,140109.0,16.949,5.5,0.0
2014-12-01,234.812,0.12,103.592,3.25,140377.0,17.178,5.4,0.0
2015-01-01,233.707,0.11,102.798,3.25,140568.0,16.912,6.1,0.0
2015-02-01,234.722,0.11,102.1554,3.25,140839.0,16.895,5.8,0.0
2015-03-01,236.119,0.11,101.8077,3.25,140910.0,17.894,5.6,0.0
2015-04-01,236.599,0.12,101.2285,3.25,141194.0,17.689,5.1,0.0
2015-05-01,237.805,0.12,100.7536,3.25,141525.0,17.945,5.3,0.0
2015-06-01,238.638,0.13,100.4529,3.25,141699.0,17.881,5.5,0.0
2015-07-01,238.654,0.13,101.11,3.25,142001.0,18.305,5.6,0.0
2015-08-01,238.316,0.14,100.8802,3.25,142126.0,18.407,5.2,0.0
2015-09-01,237.945,0.14,100.608,3.25,142281.0,18.273,4.9,0.0
2015-10-01,237.838,0.12,100.151,3.25,142587.0,18.272,4.8,0.0
2015-11-01,237.336,0.12,99.3817,3.25,142824.0,18.32,4.8,0.0
2015-12-01,236.525,0.24,98.8572,3.37,143097.0,17.492,4.8,0.0
2016-01-01,236.916,0.34,99.4086,3.5,143205.0,18.07,5.3,0.0
2016-02-01,237.111,0.38,98.8946,3.5,143417.0,18.08,5.2,0.0
2016-03-01,238.132,0.36,98.1385,3.5,143654.0,17.29,5.1,0.0
2016-04-01,239.261,0.37,98.4364,3.5,143851.0,17.664,4.7,0.0
2016-05-01,240.229,0.37,98.2096,3.5,143892.0,17.697,4.5,0.0
2016-06-01,241.018,0.38,98.6766,3.5,144150.0,17.728,5.1,0.0
2016-07-01,240.628,0.39,98.8371,3.5,144521.0,18.123,5.1,0.0
2016-08-01,240.849,0.4,98.7302,3.5,144664.0,17.917,5.0,0.0
2016-09-01,241.428,0.4,98.6287,3.5,144953.0,17.949,4.8,0.0
2016-10-01,241.729,0.4,98.7126,3.5,145071.0,17.966,4.7,0.0
2016-11-01,241.353,0.41,98.3004,3.5,145201.0,17.785,4.4,0.0
2016-12-01,241.432,0.54,98.9063,3.64,145415.0,18.278,4.5,0.0
2017-01-01,242.839,0.65,98.7349,3.75,145628.0,17.654,5.1,0.0
2017-02-01,243.603,0.66,98.4178,3.75,145818.0,17.702,4.9,0.0
2017-03-01,243.801,0.79,99.0726,3.88,145960.0,17.047,4.6,0.0
2017-04-01,244.524,0.9,100.0545,4.0,146165.0,17.188,4.1,0.0
2017-05-01,244.733,0.91,100.139,4.0,146388.0,17.07,4.1,0.0
2017-06-01,244.955,1.04,100.3148,4.13,146585.0,17.122,4.5,0.0
2017-07-01,244.786,1.15,100.1418,4.25,146768.0,17.251,4.6,0.0
2017-08-01,245.519,1.16,99.6878,4.25,146913.0,17.04,4.5,0.0
2017-09-01,246.819,1.15,99.7829,4.25,147012.0,18.318,4.1,0.0
2017-10-01,246.663,1.15,101.0401,4.25,147153.0,18.484,3.9,0.0
2017-11-01,246.669,1.16,101.226,4.25,147353.0,17.995,3.9,0.0
2017-12-01,246.524,1.3,101.3878,4.4,147529.0,17.903,3.9,0.0
2018-01-01,247.867,1.41,101.345,4.5,147662.0,17.508,4.5,0.0
2018-02-01,248.991,1.42,101.7068,4.5,148064.0,17.461,4.4,0.0
2018-03-01,249.554,1.51,102.2785,4.58,148289.0,17.628,4.1,0.0
2018-04-01,250.546,1.69,103.434,4.75,148468.0,17.651,3.7,0.0
2018-05-01,251.588,1.7,102.4735,4.75,148801.0,17.558,3.6,0.0
2018-06-01,251.989,1.82,103.2508,4.89,148984.0,17.571,4.2,0.0
2018-07-01,252.006,1.91,103.4588,5.0,149050.0,17.456,4.1,0.0
2018-08-01,252.146,1.91,104.1802,5.0,149269.0,17.39,3.9,0.0
2018-09-01,252.439,1.95,104.1665,5.03,149326.0,17.828,3.6,0.0
2018-10-01,252.885,2.19,104.0476,5.25,149471.0,18.299,3.5,0.0
2018-11-01,252.038,2.2,103.9603,5.25,149573.0,18.02,3.5,0.0
2018-12-01,251.233,2.27,103.869,5.35,149821.0,18.167,3.7,0.0
2019-01-01,251.712,2.4,103.2684,5.5,150100.0,17.291,4.4,0.0
2019-02-01,252.776,2.4,102.8157,5.5,150124.0,16.968,4.1,0.0
2019-03-01,254.202,2.41,102.9,5.5,150348.0,17.733,3.9,0.0
2019-04-01,255.548,2.42,102.3826,5.5,150636.0,16.898,3.3,0.0
2019-05-01,256.092,2.39,102.5756,5.5,150713.0,17.725,3.4,0.0
2019-06-01,256.143,2.38,102.5928,5.5,150843.0,17.68,3.8,0.0
2019-07-01,256.571,2.4,102.2012,5.5,150921.0,17.551,4.0,0.0
2019-08-01,256.558,2.13,102.9086,5.25,151081.0,17.635,3.8,0.0
2019-09-01,256.759,2.04,102.579,5.15,151244.0,17.77,3.3,0.0
2019-10-01,257.346,1.83,101.7775,4.99,151337.0,17.425,3.3,0.0
2019-11-01,257.208,1.55,102.0979,4.75,151589.0,17.645,3.3,0.0
2019-12-01,256.974,1.55,101.7632,4.75,151789.0,17.54,3.4,0.0
2020-01-01,257.971,1.55,101.303,4.75,152128.0,17.314,4.0,0.0
2020-02-01,258.678,1.58,101.7038,4.75,152504.0,17.061,3.8,1.0
2020-03-01,258.115,0.65,97.8746,3.78,151006.0,11.68,4.5,1.0
2020-04-01,256.389,0.05,84.959,3.25,130513.0,8.923,14.4,1.0
2020-05-01,256.394,0.05,86.3345,3.25,133155.0,12.328,13.0,0.0
2020-06-01,257.797,0.08,91.7523,3.25,137660.0,13.271,11.2,0.0
2020-07-01,259.101,0.09,95.2439,3.25,139048.0,15.075,10.5,0.0
2020-08-01,259.918,0.1,96.1173,3.25,140713.0,15.704,8.5,0.0
2020-09-01,260.28,0.09,96.0711,3.25,141632.0,16.692,7.7,0.0
2020-10-01,260.388,0.09,96.825,3.25,142279.0,17.084,6.6,0.0
2020-11-01,260.229,0.09,97.1183,3.25,142612.0,16.492,6.4,0.0
2020-12-01,260.474,0.09,98.138,3.25,142497.0,16.927,6.5,0.0
2021-01-01,261.582,0.09,99.2645,3.25,143017.0,17.327,6.8,0.0
2021-02-01,263.014,0.08,96.2231,3.25,143727.0,16.106,6.6,0.0
2021-03-01,264.877,0.07,98.8621,3.25,144431.0,18.223,6.2,0.0
2021-04-01,267.054,0.07,99.0246,3.25,144694.0,18.655,5.7,0.0
2021-05-01,269.195,0.06,99.7785,3.25,145141.0,17.177,5.5,0.0
2021-06-01,271.696,0.08,100.1923,3.25,145698.0,15.757,6.1,0.0
2021-07-01,273.003,0.1,100.8724,3.25,146387.0,15.067,5.7,0.0
2021-08-01,273.567,0.09,100.837,3.25,146904.0,13.486,5.3,0.0
2021-09-01,274.31,0.08,99.8498,3.25,147328.0,12.731,4.6,0.0
2021-10-01,276.589,0.08,101.3602,3.25,148005.0,13.662,4.3,0.0
2021-11-01,277.948,0.08,101.961,3.25,148652.0,13.542,3.9,0.0
2021-12-01,278.802,0.08,101.7587,3.25,149240.0,13.173,3.7,0.0
2022-01-01,281.148,0.08,102.146,3.25,149744.0,15.548,4.4,0.0
2022-02-01,283.716,0.08,102.8987,3.25,150458.0,14.164,4.1,0.0
2022-03-01,287.504,0.2,103.5717,3.37,150856.0,14.003,3.8,0.0
2022-04-01,289.109,0.33,104.2709,3.5,151224.0,14.74,3.3,0.0
2022-05-01,292.296,0.77,104.1646,3.94,151610.0,13.044,3.4,0.0
2022-06-01,296.311,1.21,103.9464,4.38,151903.0,13.522,3.8,0.0
2022-07-01,296.276,1.68,104.4852,4.85,152440.0,13.81,3.8,0.0
2022-08-01,296.171,2.33,104.4135,5.5,152732.0,13.74,3.8,0.0
2022-09-01,296.808,2.56,104.8129,5.73,153001.0,14.108,3.3,0.0
2022-10-01,298.012,3.08,104.7474,6.25,153285.0,15.613,3.4,0.0
2022-11-01,297.711,3.78,104.5175,6.95,153548.0,14.633,3.4,0.0
