DATE,INDPRO,PAYEMS,UNRATENSA,MPRIME,TOTALSA,Class
1976-12-01,0.004352821869709533,0.004096432879652667,0.012850142655225216,0.020660000900359243,0.0015055134080439458,0
1977-01-01,0.0043182604374356615,0.004088981054612972,0.01302433977394335,0.020078570019573583,0.0015542015730982683,0
1977-02-01,0.0042896693228051674,0.004082557656676755,0.01318652361723327,0.019537905911966913,0.0016438176423090312,0
1977-03-01,0.004266914862028237,0.004076460852013852,0.01333800928246065,0.019047308604036584,0.0017562295553119611,0
1977-04-01,0.00424773663227862,0.004069831401281476,0.013487800747534973,0.018619393782911553,0.0018674496505277638,0
1977-05-01,0.004230404482724381,0.004061990592248321,0.013643328315334546,0.018266471803148443,0.0019570203065897296,0
1977-06-01,0.004214343871780546,0.0040526142858414715,0.013811223478166212,0.017997958788718682,0.002016801919678901,0
1977-07-01,0.004198768773108874,0.00404140988911017,0.01400472054460944,0.017811709762846517,0.0020365568126048395,0
1977-08-01,0.004179880249153278,0.004027995677571283,0.014258506762835355,0.017689339902942303,0.0019840137425490845,0
1977-09-01,0.0041405442220163735,0.004013797128623153,0.014632732538605087,0.017540390857670785,0.001789658462763466,0
1977-10-01,0.00404111024302134,0.004022657269818097,0.015187347960110342,0.017018978413285035,0.0015760552420904794,0
1977-11-01,0.004437603071511198,0.004240649087273951,0.014324173921413497,0.020552276049325302,0.00477506621004764,0
1977-12-01,0.004612777749909203,0.0042807299126437215,0.01370524414279295,0.022489177718703512,0.005419856286440705,0
1978-01-01,0.004729946761219406,0.004282833852167656,0.013057504198000336,0.02410074324073186,0.005487403724746542,0
1978-02-01,0.004788741061567681,0.0042511121819206465,0.012374577248517538,0.025493636933138664,0.005053467104543685,0
1978-03-01,0.004822331744844366,0.004196795329630021,0.011547833670461527,0.026775367641468595,0.004293234325589701,0
1978-04-01,0.0048659065736611495,0.00413012209270569,0.010697251194645707,0.028004947729574958,0.003502396109865469,0
1978-05-01,0.0049194282583053806,0.004058406229683342,0.009899802094545329,0.029062652366861563,0.0028450501986525545,0
1978-06-01,0.004928588564876435,0.00398052158709028,0.009150402542325686,0.029714296432655107,0.002267744971370611,0
1978-07-01,0.004828936191042743,0.003882681040495939,0.00831740968169492,0.029797072083286746,0.0016467670110036359,0
1978-08-01,0.004628731892617921,0.0037648918960755395,0.007447783503972127,0.02936891149780063,0.0006919720804683394,0
1978-09-01,0.00433693502867083,0.0036271849123199473,0.006631984874691188,0.02865995016924172,-0.0009540368885594397,0
1978-10-01,0.0039532208058679075,0.0034705633283458326,0.005927767927837779,0.02785286661701747,-0.0030415653302293677,0
1978-11-01,0.0034550810704834234,0.003296439720587685,0.005216638842113097,0.02716040561061961,-0.005334008315060146,0
1978-12-01,0.00288480921812706,0.003109945254873736,0.004283603579054551,0.0267801321679908,-0.0074048363217014135,0
1979-01-01,0.002331067954689292,0.0029212243176726105,0.0032060856708233665,0.02686048684641218,-0.008980045882303944,0
1979-02-01,0.001833236789011039,0.002735848279796116,0.0020907034268544678,0.02722854090712934,-0.009961108192122481,0
1979-03-01,0.0013854834415423234,0.0025561897064481087,0.0009630566806486662,0.02736550960140427,-0.01030324179036457,0
1979-04-01,0.000987542082812709,0.002377758487185133,-0.0002368733599731332,0.02714672310755528,-0.010241803516851888,0
1979-05-01,0.0006390402142608664,0.0021988502158478695,-0.0015176065435471564,0.026894157365026317,-0.010449239228375706,0
1979-06-01,0.0003156986292722763,0.002017714431937989,-0.003006985684434582,0.0274007400341838,-0.011461526531814314,0
1979-07-01,-4.668618004322056e-05,0.00182527279955913,-0.004966826736190644,0.028698725661141733,-0.013270494587411807,0
1979-08-01,-0.0005323530185536995,0.0016030038279630787,-0.007664597605238743,0.029354575919031678,-0.015526815820410711,0
1979-09-01,-0.0011513054842309245,0.0013425360811183396,-0.010933995222518256,0.028038481443340313,-0.01738587580022033,0
1979-10-01,-0.0018509720209567426,0.0010502642708587473,-0.014454080507955158,0.024607041126023965,-0.01859517716132464,0
1979-11-01,-0.002529925506405739,0.000753168731236542,-0.01754911536773074,0.019686870402156664,-0.019416110546427667,0
1979-12-01,-0.0030584034657463732,0.00048325241640689853,-0.019622113668736674,0.01427923653808838,-0.01969905196339905,0
1980-01-01,-0.003334739958127386,0.0002709839468284514,-0.020645311535818944,0.009430459316247308,-0.019193508971089734,1
1980-02-01,-0.0032999665260859956,0.0001338362200389298,-0.020617058190437687,0.006350918729146393,-0.01821203540725458,1
1980-03-01,-0.0029767666361992795,7.412364504411073e-05,-0.019649156274624158,0.006124404495324587,-0.01732058881513332,1
1980-04-01,-0.002479857730798951,8.4639006026066e-05,-0.018219627106747183,0.008359089179231116,-0.01677891366330586,1
1980-05-01,-0.002002731235872801,0.00013214070994038707,-0.016743704677517846,0.011409135741526022,-0.01607556799834642,1
1980-06-01,-0.0016313558103053794,0.00018531044792347018,-0.015308886904571661,0.013372657616081973,-0.014532684198540036,1
1980-07-01,-0.001332622459805588,0.00023596154976246453,-0.01371823936397809,0.013628794096513186,-0.01246135435912299,1
1980-08-01,-0.0009844239034628721,0.0002941442247301751,-0.011835141812975625,0.01316416392250419,-0.01021620100613907,0
1980-09-01,-0.00047569655364254615,0.0003812727428424978,-0.009617199396740661,0.013051390005922592,-0.007985331168915533,0
1980-10-01,0.00023730787384579344,0.0005103427310704234,-0.00707884595956676,0.01389850777456969,-0.005462182411270167,0
1980-11-01,0.0011171092948503158,0.0006748326628933654,-0.004516021969193984,0.01609482425113029,-0.0024549459885498948,0
1980-12-01,0.0019969440389702164,0.0008444289541067462,-0.0023249336573512025,0.01960986115175345,-0.00020381986851614187,0
1981-01-01,0.0026222553581423114,0.0009763345000184387,-0.0009305306960043502,0.023331362396433963,8.643703564636951e-05,0
1981-02-01,0.0027930326145271245,0.001027533817502757,-0.0007794305386599198,0.025300460220206933,-0.0014402460181845989,0
1981-03-01,0.0024274645415980345,0.0009650690328726341,-0.002008740984596802,0.023668850317241308,-0.0038954214977984236,0
1981-04-01,0.001593270513359446,0.0007832949482082796,-0.0042014271199017905,0.018305095111156966,-0.006151949750774932,0
1981-05-01,0.0005660304876706768,0.0005217124890410929,-0.006902683874724591,0.010979661489322723,-0.007569757490311968,0
1981-06-01,-0.000432507135910587,0.00022906119932208924,-0.009795078524952316,0.0036900858916939505,-0.008446147187217257,0
1981-07-01,-0.0012757865003143465,-5.949846682540283e-05,-0.012516896269799016,-0.002388424024935887,-0.008893758870290203,1
1981-08-01,-0.0019346549122336576,-0.0003281262172638577,-0.0148208422003413,-0.006719496397507907,-0.008454805707954094,1
1981-09-01,-0.0024597299539306228,-0.0005801779377154759,-0.01674336192005521,-0.009215493543799358,-0.007712097675699692,1
1981-10-01,-0.00294707040433817,-0.0008269971632959283,-0.01837960531075078,-0.010490826502165707,-0.007481046829682203,1
1981-11-01,-0.0035030892571565886,-0.0010720599108111628,-0.019756226224729723,-0.011926822961215944,-0.007601267052665062,1
1981-12-01,-0.004154696962765492,-0.0013223295921100942,-0.0209146001715812,-0.01486703952941193,-0.007204409353074315,1
1982-01-01,-0.004821308757256837,-0.0015709602055782312,-0.021754953852262116,-0.01935181436287836,-0.00589242714256466,1
1982-02-01,-0.005352541142144673,-0.0017916177845282988,-0.022247835761186163,-0.024329627043673252,-0.0035622217032678094,1
1982-03-01,-0.005615805111687244,-0.0019471162699300493,-0.022285123192802736,-0.028321574809598626,-0.000753976954691371,1
1982-04-01,-0.005527253494737927,-0.0020099153456225594,-0.021777194673494815,-0.030322768617803586,0.002076205505100237,1
1982-05-01,-0.005143348130843162,-0.0019763400170091927,-0.02063621559745199,-0.030557387869285968,0.0045541889837505956,1
1982-06-01,-0.004538815117787642,-0.0018566734835729903,-0.01885885411976229,-0.02970805353457573,0.006602287742716317,1
1982-07-01,-0.003788343373194003,-0.0016669263861821548,-0.01661703014999416,-0.02863577915718185,0.00815802770898344,1
1982-08-01,-0.0029755486925990837,-0.0014195648606865063,-0.01412796189976806,-0.028376287545640366,0.008807023090348753,1
1982-09-01,-0.0021477662938629294,-0.0011205978776285264,-0.011496296952091978,-0.029482705269876952,0.009390841172658426,1
1982-10-01,-0.0012932742121760654,-0.0007836255115591939,-0.008710181787067839,-0.031595629802420255,0.010511514331446925,1
1982-11-01,-0.00035640012914139874,-0.0004237697733024959,-0.005853978153942396,-0.03356241566633855,0.011957164767684159,1
1982-12-01,0.0007298154738233364,-1.9283693822202963e-05,-0.002924686275293187,-0.034169115855704035,0.013557888898603654,0
1983-01-01,0.0019877457367742934,0.0004380240192141116,0.00011772759606953898,-0.0328949821845157,0.01509935659266759,0
1983-02-01,0.0032875751435983425,0.0009299575502890178,0.003368969713984704,-0.029801321707064066,0.01623539414988162,0
1983-03-01,0.004538254674967046,0.0014340613633283539,0.006814555507218767,-0.02518844915302232,0.01717073511824596,0
1983-04-01,0.005708709704629111,0.0019320155520876625,0.01034748322838519,-0.019615051997555977,0.017804002724448154,0
1983-05-01,0.006738020844123227,0.0024022481700143317,0.01378570248081612,-0.0138437788419008,0.01801351706705656,0
1983-06-01,0.0075550640299564265,0.00282400275245287,0.01689606271657773,-0.00865181141076965,0.018239802040815878,0
1983-07-01,0.008131577004563795,0.0031820133213127377,0.019506271966927002,-0.004245939033024726,0.018671618836707538,0
1983-08-01,0.008481796410287235,0.003460881221052148,0.021517792381326117,-0.00022458867415364736,0.01914547732299754,0
1983-09-01,0.008630383960752663,0.003668452467847416,0.0228943207632204,0.003680908085647694,0.01919342295046489,0
1983-10-01,0.008604851798278634,0.0038221249921193134,0.023563367188779605,0.007444042479217039,0.01863124437561181,0
1983-11-01,0.00840940401378143,0.003929272717581256,0.02359610628451625,0.010795934741592461,0.016930662343475955,0
1983-12-01,0.008030184244377736,0.003981735522513574,0.023085338664506683,0.01338748752735297,0.01423214962755548,0
1984-01-01,0.0074695298245939235,0.003979316944329625,0.0220935688788102,0.014784277454417794,0.011803577123284281,0
1984-02-01,0.006810147719483073,0.003936649431420136,0.02072306389447265,0.014622594943515477,0.010178552697542198,0
1984-03-01,0.006081890290039915,0.003859133362585254,0.01895381644896732,0.012831371087514754,0.009131950419998702,0
1984-04-01,0.0052888692823396255,0.003747066204644156,0.016776382830862246,0.009735306433436897,0.00860525754527064,0
1984-05-01,0.004499871269755484,0.003605753694417402,0.014484632878608572,0.006008320239713427,0.008447882033078002,0
1984-06-01,0.0037867032455389804,0.003447781400188532,0.012318335737490305,0.002316753950282191,0.008216752065606236,0
1984-07-01,0.003161079557482349,0.0032890388253292713,0.01025119008988895,-0.0009557402435844686,0.00774492703911811,0
1984-08-01,0.002613366840787723,0.003151809625009605,0.008374808560342561,-0.0038607602480533743,0.007206946996264563,0
1984-09-01,0.0021213782372213608,0.0030249739129590836,0.006708572453762329,-0.006618705812840631,0.006632179722813714,0
1984-10-01,0.0016648656918984983,0.002903377910712379,0.005256300104556022,-0.009448153141888849,0.006091353996094728,0
1984-11-01,0.0012761773506544394,0.002792340070589816,0.004101848340875458,-0.012452895504886818,0.006122601525206051,0
1984-12-01,0.0009785695917541304,0.0026879818076874784,0.003293298208110418,-0.015541552602597264,0.006600192634216739,0
1985-01-01,0.0007471924935034124,0.002584513355948559,0.0028150845081076348,-0.018377412331445964,0.007009675094383105,0
1985-02-01,0.0005917902506418216,0.002478679942223394,0.0025892420427966467,-0.02044142832801743,0.0071614473781767,0
1985-03-01,0.0005480968507516337,0.0023768718221219842,0.0026583652173017835,-0.02136431729359911,0.007014150881497816,0
1985-04-01,0.0006140217446448659,0.002284003479697816,0.0030159033017622683,-0.021054553222563666,0.00675605989540129,0
1985-05-01,0.000714001801367381,0.0021999823857701273,0.003215198335298597,-0.019672050125873586,0.005996522985559416,0
1985-06-01,0.0007762938581699075,0.002119634303296536,0.0030390514595801665,-0.017677284403990967,0.004517031837700802,0
1985-07-01,0.0007778453913047656,0.002039752311837617,0.002656332204775236,-0.015714389670928863,0.0028324792593266146,0
1985-08-01,0.0007316001594164234,0.001955562614762485,0.002220705290482572,-0.014269576650405291,0.0016916182714719064,0
1985-09-01,0.000672197854799883,0.001869227787643979,0.001837363031932382,-0.013503186630448027,0.0013576985723884327,0
1985-10-01,0.0006278822527061578,0.001784288005300283,0.001640921595321032,-0.013370795403380598,0.001251510296878866,0
1985-11-01,0.0005975892771710178,0.0017056437663018897,0.0016424634534322191,-0.013645379676795244,0.0014941383461088975,0
1985-12-01,0.0006077809393314482,0.0016445577497599118,0.001813873566099078,-0.014110971821093887,0.0026601421906375933,0
1986-01-01,0.000683705893519182,0.0016042987223503502,0.0021462044860538487,-0.014579792534390457,0.003730305856395777,0
1986-02-01,0.0008000061106052669,0.0015841232656601534,0.002472893061005399,-0.014994130652980164,0.004206942579914941,0
1986-03-01,0.000919185134560685,0.001578926552493698,0.002699505996051732,-0.015493868558443591,0.00406245799601912,0
1986-04-01,0.0010291562917883468,0.00158736517763991,0.0028296879731584124,-0.016195357786070286,0.002875690330240932,0
1986-05-01,0.0011641951110963333,0.00160678674563286,0.002987036457685832,-0.017047862492369337,0.0013916633588642036,0
1986-06-01,0.0013503220621871037,0.001637596822485321,0.003347451989510697,-0.01774493103311503,0.00032382516903917136,0
1986-07-01,0.001618937508244045,0.0016837059435008683,0.004061454503315964,-0.01786055682095089,-0.0003834626456011847,0
1986-08-01,0.0019774079881953455,0.0017450227983584199,0.005090398505966265,-0.017074931168258534,-0.0011326968775566826,0
1986-09-01,0.002417506033717487,0.0018236102834254808,0.0063753789505316405,-0.015240567160957674,-0.0018295703579340739,0
1986-10-01,0.002938869826789592,0.00191845798157253,0.007809594080347315,-0.01242170629401862,-0.002080099302895988,0
1986-11-01,0.003499267478701995,0.002020325788057775,0.009243734070430554,-0.008854717466136197,-0.002204928999073541,0
1986-12-01,0.004031688670636413,0.002117817191928495,0.010473108657112817,-0.004731553736169403,-0.002806747330343917,0
1987-01-01,0.004502836318557968,0.0022090905998624066,0.011253046691516166,-0.0003988363116151916,-0.003991933909845535,0
1987-02-01,0.004915768134194032,0.0022911553770885718,0.011779376166763944,0.0035831811267441616,-0.005292542082622198,0
1987-03-01,0.00526556356086072,0.0023609885595146096,0.012170736146523975,0.006880861727672993,-0.006028846035077251,0
1987-04-01,0.0055276360580913675,0.002414089457486668,0.012485534425100475,0.009401215771261295,-0.005797618954523909,0
1987-05-01,0.005692410248235191,0.002457629804286654,0.012766733197857372,0.011019048745801285,-0.004566059346695184,0
1987-06-01,0.005768241843231436,0.002500037108742248,0.012962523056549102,0.01158452651844577,-0.002443858553043743,0
1987-07-01,0.005755077078940296,0.002538750647685717,0.012992997258995942,0.011242444724961054,0.00010256006401387907,0
1987-08-01,0.005658872859650721,0.002570970505010095,0.01280651870383509,0.010428299565366395,0.002355088906251357,0
1987-09-01,0.005484583148368749,0.002596203067808389,0.012505290745870257,0.00966432156568997,0.0034569517710205666,0
1987-10-01,0.005243215618121688,0.0026150095546260133,0.01199261119923034,0.009290173905095678,0.003617731559777848,0
1987-11-01,0.004944751603201958,0.002628086462587831,0.011205542154720138,0.00941531956019448,0.002749077404236022,0
1987-12-01,0.004595499115029433,0.0026347888052171697,0.010271682082978906,0.009846277497285172,0.0010310930649648498,0
1988-01-01,0.00422362458311909,0.0026346364904448194,0.009432720852204923,0.010326634423913905,1.2963075992189488e-05,0
1988-02-01,0.003836033261024774,0.0026310587786149142,0.00874154589138798,0.010799223816948977,-0.0001241174864721195,0
1988-03-01,0.0034618847036753664,0.002627047624788048,0.008226996694520539,0.011359145125263037,0.00017334879135200154,0
1988-04-01,0.003132687052319838,0.0026204793363220347,0.007842594325408347,0.012073623958239299,0.00046562679998851664,0
1988-05-01,0.0028341259975874777,0.0026081574199370294,0.00768913250883152,0.013104580358942464,0.0004642997583839126,0
1988-06-01,0.0025595659789230396,0.0025873770832767207,0.007703228615237867,0.014609861374696553,-0.00011987223066922681,0
1988-07-01,0.002300766533151588,0.0025555411570312714,0.007611078009187144,0.016484212105952523,-0.001119190456089214,0
1988-08-01,0.0020395676730640133,0.002509964028895695,0.007237073142240202,0.018355728596125775,-0.002420726888144653,0
1988-09-01,0.0017523945665613994,0.0024484313278279046,0.006485710110995191,0.019579918929756968,-0.00366076403387261,0
1988-10-01,0.0014107800304383744,0.0023650542667912333,0.005602978318693053,0.019674703000936322,-0.004499034776260125,0
1988-11-01,0.00104975464422985,0.002264687827951306,0.004696556530773943,0.018509104791341713,-0.004368987159869331,0
1988-12-01,0.0007090966798521947,0.0021575695114073312,0.00378354284993776,0.016296661293915715,-0.0034599859646653464,0
1989-01-01,0.00041939658076994846,0.0020530486300760487,0.0029007663825662,0.013408262499194468,-0.002785721262837715,0
1989-02-01,0.0002132450176732803,0.0019536370289419125,0.002116266701043701,0.010328083350035655,-0.002854177599919794,0
1989-03-01,9.778260027371033e-05,0.0018600561482706723,0.0014840650645415732,0.0074156977524970635,-0.003442703880629061,0
1989-04-01,5.114575679066036e-05,0.0017800535470176015,0.0009274154819249869,0.00482902491460413,-0.00375969221644068,0
1989-05-01,8.023862082762179e-05,0.001717274544452252,0.00040232322088917805,0.0025270323996591237,-0.00405757032454046,0
1989-06-01,0.00016910442832340777,0.0016663979940254592,-0.0001811573145822365,0.0003634472194398164,-0.004570557238542161,0
1989-07-01,0.00027942197274821723,0.0016224103417883384,-0.0008588565567757556,-0.001816351515107506,-0.005160137906782047,0
1989-08-01,0.00039973986648167426,0.001582618620886933,-0.0014303226469412067,-0.004083077143829605,-0.005327792784435292,0
1989-09-01,0.0005421846165152289,0.0015413269540758279,-0.0018684555382655343,-0.00623550433984299,-0.004950072073732326,0
1989-10-01,0.0007083469245854346,0.0014932196314454416,-0.002378390749533388,-0.007915887943633404,-0.004704396423266921,0
1989-11-01,0.0008934548196757319,0.0014281322862323975,-0.0029916951779564993,-0.008858381670429516,-0.005021796906571119,0
1989-12-01,0.001074520067672502,0.0013379891569709201,-0.003720133373666057,-0.008974263894487411,-0.005680852576714468,0
1990-01-01,0.0011928013061677234,0.0012187429083176937,-0.004575753891378209,-0.008325783142772547,-0.00612420379893619,0
1990-02-01,0.0011974421743552455,0.001071846248690278,-0.00577829620818382,-0.007211041789750627,-0.006179160701148767,0
1990-03-01,0.0010570208947742188,0.0009012269516563975,-0.007359657889115745,-0.006041005523290455,-0.0062604855446268814,0
1990-04-01,0.0007734251872610898,0.0007058318172141753,-0.00911730912724562,-0.00516742256719116,-0.006987318784478891,0
1990-05-01,0.00035418339553938694,0.00048439783620324306,-0.011047820264985297,-0.004874066776029196,-0.007963222430099393,0
1990-06-01,-0.00016973635062011994,0.00024288740512190543,-0.012991736790723518,-0.005166145722940829,-0.008690422515122087,0
1990-07-01,-0.0007165937949684675,-1.0772531272351671e-05,-0.014764767363271813,-0.005915636387132217,-0.00938022755946788,1
1990-08-01,-0.001200014862657639,-0.000266056630970013,-0.016325132978922685,-0.006953140723697793,-0.010354035360196523,1
1990-09-01,-0.001540228310151548,-0.0005059062539736203,-0.01745264446082473,-0.00810867033466689,-0.011264088155677143,1
1990-10-01,-0.0017095061737162354,-0.0007113029386456304,-0.01797655378248164,-0.009240212936565406,-0.01144439751265125,1
1990-11-01,-0.001732874820282504,-0.0008661504756375393,-0.017882515775323737,-0.010324689615079485,-0.010762957396992956,1
1990-12-01,-0.0016314121112808166,-0.000958728501704087,-0.017279430927036987,-0.011458281760807765,-0.009591944156322807,1
1991-01-01,-0.001423948815260978,-0.0009919573621370859,-0.016395834368988282,-0.012768803368291337,-0.008795652697202172,1
1991-02-01,-0.0011604706707206702,-0.0009776530312670673,-0.015381621403676382,-0.014398252295865,-0.00813204538384893,1
1991-03-01,-0.0008831005039535711,-0.0009278372646903676,-0.014387204712984492,-0.016396733764605376,-0.007335425098493165,1
1991-04-01,-0.0005851047047062963,-0.0008520489799703768,-0.01344630774324429,-0.01870686000300381,-0.00627789549654878,0
1991-05-01,-0.00022319433366746466,-0.0007588283797463902,-0.012639991462578104,-0.02106644281812997,-0.004865786936066208,0
1991-06-01,0.00024170035309367677,-0.0006485646113780774,-0.011951208875164543,-0.02318383674981872,-0.0032583053491364034,0
1991-07-01,0.0007971589904229859,-0.0005192916729779284,-0.011178575206268526,-0.024773597226893873,-0.0015976330427172059,0
1991-08-01,0.0013696997332077743,-0.0003712464557352746,-0.010352145362754639,-0.02563500292292975,0.00016307327672393512,0
1991-09-01,0.0018731207558539964,-0.0002109812315964632,-0.009655570886360598,-0.025817116162492493,0.0016933821867946008,0
1991-10-01,0.0022691401442367365,-4.877351310383915e-05,-0.009133030588662994,-0.025667972646577386,0.0025491616959212315,0
1991-11-01,0.002526879653697023,0.00010465891166155927,-0.00877229039787597,-0.025515976023262166,0.002825014343113441,0
1991-12-01,0.002631554962660765,0.00023610162887166553,-0.008536354368220422,-0.025524569284944842,0.002934221944585147,0
1992-01-01,0.002610357535444585,0.0003435807652927281,-0.008269087065138292,-0.025615832789558812,0.003288285829922799,0
1992-02-01,0.0025528300297734674,0.00043421506822483025,-0.007838973146224504,-0.025473919906069842,0.0036389432548111778,0
1992-03-01,0.002549386693853073,0.0005183754713797839,-0.007116332761903932,-0.02478578505721707,0.0039413145602567035,0
1992-04-01,0.0026406427405767374,0.0006119814679994562,-0.006046969490310916,-0.02326433437708686,0.0042711326145985495,0
1992-05-01,0.002800300626192964,0.0007246270885907791,-0.004559659796465443,-0.020736965317915246,0.004421468488795988,0
1992-06-01,0.0029638394442548233,0.0008469526982999298,-0.0027791931945961856,-0.017480379515640188,0.0044464146863201215,0
1992-07-01,0.003082173005987343,0.0009731358329752027,-0.0009252949984350778,-0.014133639268686826,0.004611429702143344,0
1992-08-01,0.0031112985309524888,0.0010979888096223078,0.0008720461590279172,-0.011295045205544474,0.005061949449433278,0
1992-09-01,0.0030257675458464917,0.001215780828445645,0.0025092638279189394,-0.009175322478349512,0.0057099134237130755,0
1992-10-01,0.002851018026802876,0.001324448847887183,0.003986639061413388,-0.007660786290628607,0.006482863360981916,0
1992-11-01,0.002635566357090724,0.0014239672753735277,0.0053159419646764405,-0.006495366229932964,0.006973737368185962,0
1992-12-01,0.0024525168789173435,0.0015177382807785023,0.006486737139910437,-0.005354769391410663,0.007133537497054476,0
1993-01-01,0.0023625945471223986,0.0016119157808187623,0.007478735049222918,-0.003978485031923107,0.0071622564264455235,0
1993-02-01,0.0023660421387905473,0.001709240648571253,0.008362731472429719,-0.002497099769810829,0.00708023779610345,0
1993-03-01,0.0024253544077037503,0.001806320273498585,0.009035361388518792,-0.0011399397408788925,0.007056433604196055,0
1993-04-01,0.00249931828643124,0.0018945612119640742,0.009329969163864416,-8.538459566498346e-05,0.0074166677754266,0
1993-05-01,0.002565156660188528,0.0019707699479454277,0.00927081980052824,0.0004392022820227659,0.008057702836703928,0
1993-06-01,0.0026405488685981027,0.002042756652354427,0.009062789638172086,0.0005541615205642003,0.00870541065291297,0
1993-07-01,0.0027368829702503206,0.002115467890838829,0.008880635664568537,0.000862767839571621,0.00926997635611615,0
1993-08-01,0.0028889356150099132,0.002190594863064277,0.008896589396265808,0.001890956690660639,0.009314354161478633,0
1993-09-01,0.003119059221589282,0.002269846963235622,0.009140468204958285,0.0037689782204517464,0.008747841113485588,0
1993-10-01,0.0034170957233952137,0.0023533314403394456,0.00943708752074257,0.006374888959607361,0.007805819754955756,0
1993-11-01,0.0037577990629777958,0.0024388269403825547,0.009767524011317752,0.009493565661051084,0.0068459868428445425,0
1993-12-01,0.004104933177723424,0.0025211626323535796,0.010189276279862769,0.012770791935053483,0.005976265772086098,0
1994-01-01,0.00442296480545501,0.0025913418268928012,0.010627925300327412,0.015756285972609252,0.005443777906196434,0
1994-02-01,0.0046869978656642886,0.0026470750870117854,0.01104361108340779,0.018349105574929414,0.005385739513982912,0
1994-03-01,0.004904820926427078,0.0026955083469637486,0.011477318142679716,0.020603754494850746,0.005426587315370934,0
1994-04-01,0.005075466512193927,0.002738308664850919,0.011986920378254995,0.022626439324114678,0.005024963964115781,0
1994-05-01,0.0051760449985591706,0.0027675953881676207,0.01259323339609475,0.024608848890537383,0.004029806969974015,0
1994-06-01,0.005184890913589868,0.0027762837698777076,0.013144123986159384,0.026390713780105823,0.0025549167397116435,0
1994-07-01,0.005090053671381156,0.0027566845447353217,0.013296720442873333,0.02754236302396529,0.0007759425830364819,0
1994-08-01,0.0049144281776598575,0.002704064464150946,0.012879524852120738,0.027782360083297375,-0.0007084275452897693,0
1994-09-01,0.00467757509295641,0.002620155989477624,0.0119591510103505,0.02703294338167206,-0.0015360157423960352,0
1994-10-01,0.0043989605013807775,0.002509478469400861,0.010701095529777271,0.025327521478181847,-0.0018187522734476325,0
1994-11-01,0.004131463698334947,0.0023846889664387305,0.009133769322285712,0.022865259868245058,-0.0015845497724713553,0
1994-12-01,0.003900895520486891,0.0022579142468970304,0.007431490209359071,0.019962489828027064,-0.0010367915179498866,0
1995-01-01,0.003701144450786842,0.0021381469753674054,0.005885687039859588,0.01693715054781153,-0.0006765048724095557,0
1995-02-01,0.003518686588326325,0.002028465989546646,0.004625380327835105,0.014069168338849192,-0.0006047135093876221,0
1995-03-01,0.00331838809983509,0.001922144433205375,0.003665712359718132,0.01146195844499509,-0.0006277460141053126,0
1995-04-01,0.0030909379277961335,0.0018157305562755965,0.0028120556513488992,0.008962266458147017,-0.0007794456748664302,0
1995-05-01,0.0028763376661586904,0.0017168380058816268,0.0019225579320516495,0.0063285376698414275,-0.0006278259861924873,0
1995-06-01,0.002706441200283294,0.0016325495952393965,0.001049682059022894,0.003569054051236087,-9.991087575045299e-07,0
1995-07-01,0.0026331777943573442,0.0015681960971818398,0.000317969933912865,0.0008258077421632315,0.0009857883343165064,0
1995-08-01,0.0026929035693585845,0.001532029628377174,-0.00011173218157223275,-0.0017378866337307564,0.0020925078555342758,0
1995-09-01,0.002900586457849741,0.0015293142813366245,-4.5483052864669915e-05,-0.0038944014367272572,0.003003298262633791,0
1995-10-01,0.00320385815352342,0.0015602140785571095,0.0005444498324027602,-0.005384966756532883,0.0034304740437574033,0
1995-11-01,0.0035165593880348567,0.0016143722846386765,0.0016201407178639826,-0.006166606144624165,0.003326616200913346,0
1995-12-01,0.003770377419523463,0.0016763671635438016,0.002918708770989209,-0.0063398762106250395,0.0029214941088460122,0
1996-01-01,0.003932209145040666,0.001733917254480133,0.004098980177357214,-0.006053935822475598,0.002375580216301909,0
1996-02-01,0.004038273154803207,0.0017828675484867773,0.0048471802624043825,-0.005615899707460681,0.0017373428739708707,0
1996-03-01,0.004133723953370527,0.0018226802350014282,0.005123766872993096,-0.005172287156625988,0.001064307388709551,0
1996-04-01,0.004257593655464298,0.001857154289686136,0.00515814700496775,-0.004697354217172656,0.0007670006763520476,0
1996-05-01,0.004439725844477493,0.0018942712472274081,0.005063303582211631,-0.004141787029330768,0.0006699956932796347,0
1996-06-01,0.004685516671697698,0.0019391098152912178,0.004980149130094036,-0.003448337271405144,0.0005402209873914821,0
1996-07-01,0.004949462140698024,0.0019912183595813815,0.005137779762168115,-0.0025245566106479878,0.00022102834397097482,0
1996-08-01,0.005153105794899027,0.002040258617990176,0.0055779845651318105,-0.0013966582652065185,-0.00046822276839275645,0
1996-09-01,0.0052723790005266835,0.0020774865751231886,0.0061366710252663825,-0.00021863869086091725,-0.0013493747073138884,0
1996-10-01,0.005339558259467303,0.00209895148822703,0.006703724888497353,0.0008057777135013211,-0.0017635214649156516,0
1996-11-01,0.005382370570389483,0.002103693638105142,0.007151369544419861,0.0015427497647517718,-0.0016030554024779597,0
1996-12-01,0.005450873366391384,0.002103209665365924,0.007405103499727117,0.001955610037113864,-0.0012836680122809696,0
1997-01-01,0.005585623882281787,0.002109558352801244,0.007568462992187497,0.00212965946271515,-0.0008002783304537076,0
1997-02-01,0.005779950794661204,0.002123887829151627,0.007720562153408661,0.002226236943206672,-0.00014215453936605726,0
1997-03-01,0.0060173867264339265,0.0021474079350785047,0.007874904794532345,0.00230377186230335,0.0005067050456282196,0
1997-04-01,0.0062447766981268416,0.002180339744334958,0.008198480392383356,0.0023953563610108475,0.0008219935744868678,0
1997-05-01,0.006387764828746256,0.002211663650674822,0.008749274164668197,0.0025037330289112703,0.0007133257477116572,0
1997-06-01,0.0064016751298066055,0.0022306104258156267,0.009311600522329488,0.002565940753922913,0.0004759673881604698,0
1997-07-01,0.0063002871596680166,0.002233518618552921,0.009914042355946506,0.0024881803566829674,0.0005292008335242571,0
1997-08-01,0.006123197162552607,0.0022251519467406666,0.010309425926980476,0.0022475305784919186,0.0011578456745984234,0
1997-09-01,0.005874343310039443,0.002210724499384753,0.010300975354299524,0.001866555807645387,0.0021059172904798196,0
1997-10-01,0.005578885727952176,0.0021930403059595704,0.009902399623164193,0.0013737108754301453,0.002713101180629174,0
1997-11-01,0.005295032299882152,0.0021784262830308876,0.009226534608683057,0.0008449454585948146,0.002869674488970464,0
1997-12-01,0.005039623249857961,0.0021680224059288378,0.0083813115984257,0.0003038539575932475,0.0030501064948289525,0
1998-01-01,0.004797428150673966,0.0021573755299595376,0.007464686407153476,-0.00033911706899081295,0.0032392511424821357,0
1998-02-01,0.004524773082733802,0.0021431445706969754,0.006702533819520795,-0.0011574672134759822,0.0033375238148951603,0
1998-03-01,0.004207451260913153,0.0021217681507792463,0.006220738647704227,-0.0021632201373953386,0.003464565289977628,0
1998-04-01,0.003893103473232351,0.0020918699205036972,0.005951932710072105,-0.0032921192790511533,0.00377134853477612,0
1998-05-01,0.003633172220690817,0.002059879731106662,0.00585321216972523,-0.004421212962233856,0.004442292242909485,0
1998-06-01,0.0034408998201476138,0.0020281396437997756,0.0059226540386210225,-0.005433153852746564,0.005353596180452946,0
1998-07-01,0.0033083711746355604,0.0020012260322399555,0.005829569584196781,-0.00624269813708711,0.006012746235644073,0
1998-08-01,0.0032525234233595768,0.001985543517330157,0.005600365672138841,-0.00680174877533446,0.006263953873063333,0
1998-09-01,0.0032754220622761565,0.0019815463973937852,0.005273502476427661,-0.007086304845399294,0.006473282446793238,0
1998-10-01,0.00336044782137801,0.0019867621384026535,0.004861405180198286,-0.0070688286686140245,0.006879910445646065,0
1998-11-01,0.0034577748000144126,0.001995879508703169,0.004501221414705103,-0.00676397504476034,0.007258940677303816,0
1998-12-01,0.003522220929635722,0.0020035005195602196,0.004355405817109137,-0.006142607080778184,0.007352385819188623,0
1999-01-01,0.003563085591432369,0.0020099310590389052,0.00450206593534741,-0.005160465214083754,0.00730512623186641,0
1999-02-01,0.0036152835947182993,0.0020181841430044756,0.0049302897539744706,-0.0037891931966855807,0.007364098648653616,0
1999-03-01,0.003691040509248289,0.0020304812556659613,0.005601068521440711,-0.0020602494780423974,0.007606337165488419,0
1999-04-01,0.003762294890914397,0.0020437823351482365,0.006176059586051386,-3.69304102498802e-05,0.00783216434802636,0
1999-05-01,0.0038168626945909168,0.002051265966898086,0.0064442890000697695,0.0022080906306234382,0.007786521983555339,0
1999-06-01,0.0038769406923684357,0.0020574959909342994,0.006392903438921849,0.004511846161815214,0.007404313234198767,0
1999-07-01,0.003952059119865403,0.0020667158181364442,0.006127124119572169,0.00673888397592437,0.00703995710835148,0
1999-08-01,0.003992033714998122,0.0020697387465684614,0.005717844294790053,0.00878862898984023,0.0067319686135491885,0
1999-09-01,0.00397312803243377,0.0020570112497768633,0.005383645729323039,0.010559617426490142,0.00609427741605062,0
1999-10-01,0.0038870086090323497,0.0020262213803974305,0.005160487350106768,0.011962742429959317,0.005032145715867742,0
1999-11-01,0.0037479859823923434,0.0019757934330861815,0.004991959983345673,0.012923048234382506,0.0038903415659397034,0
1999-12-01,0.0035788237579721383,0.001905847046865361,0.004853328180065786,0.01341757492189144,0.00283417550683307,0
2000-01-01,0.0033639903143338756,0.0018183395272828307,0.004748439459198339,0.013484732780836506,0.0016069818199375696,0
2000-02-01,0.003091621825495494,0.0017172149518902557,0.004568276720393394,0.013186721828952308,0.00024114501151029089,0
2000-03-01,0.002756669529275335,0.0016101388078855194,0.004077814842335936,0.012526036013027042,-0.0011157760118822857,0
2000-04-01,0.0023491679426292933,0.0015000128078526132,0.0032652186116060022,0.011340666755003781,-0.0021721263967129367,0
2000-05-01,0.0018574960634429871,0.0013880332990705568,0.0020985642557025397,0.009485514232467906,-0.0028949621338258957,0
2000-06-01,0.001282563705537143,0.0012654408327961164,0.0006485753755607337,0.006979009006081949,-0.0034498778823568443,0
2000-07-01,0.0006349323214154268,0.0011212434791261217,-0.001004403660148645,0.003774682473824509,-0.00411458052538638,0
2000-08-01,-4.5517935929773046e-05,0.0009566644056526741,-0.0027821503690703686,-0.00011252718362086966,-0.004727425757966142,0
2000-09-01,-0.0007133749101679854,0.0007780517373063844,-0.004539254734532205,-0.004530768247071215,-0.004968358897619485,0
2000-10-01,-0.0013516584991339897,0.0005899758913230357,-0.006268415064352828,-0.009218027192648304,-0.004905850266109013,0
2000-11-01,-0.0019412343672220445,0.0004000771779431034,-0.008149762000542848,-0.01389919193328426,-0.004870658707371245,0
2000-12-01,-0.0024702201389317224,0.0002138979664358942,-0.010329000560977963,-0.018485094793072143,-0.004572019208594291,0
2001-01-01,-0.0029193181018030145,3.116447714113235e-05,-0.013010324387376038,-0.02307903064244865,-0.003224498150341315,0
2001-02-01,-0.0032898494917565912,-0.0001485834699437305,-0.016070295059701145,-0.027765025253686737,-0.0014415288332778609,0
2001-03-01,-0.0035632615507941168,-0.00033021652789244627,-0.019179822468853303,-0.03245382776912109,-2.439432436052158e-05,1
2001-04-01,-0.003713269725806434,-0.000515293345847212,-0.021995724630751168,-0.036936886655782875,0.0007877285279671575,1
2001-05-01,-0.003721410424869731,-0.0006958461794894788,-0.02412269402084677,-0.041009418668460196,0.001172154508215062,1
2001-06-01,-0.0035644822418969824,-0.0008560552829379731,-0.025489487472835304,-0.04441734747677639,0.0013774112667039873,1
2001-07-01,-0.003225815271131971,-0.0009846486317286463,-0.026001769140389985,-0.04671984620457281,0.0014245560481680464,1
2001-08-01,-0.0027083581189133454,-0.0010732378413749188,-0.025616861641466926,-0.04750031693813894,0.0009835697435658375,1
2001-09-01,-0.0020558114096740354,-0.001118057329348332,-0.024533567089663144,-0.04662454987477771,0.00023601995823430144,1
2001-10-01,-0.0013352731544324925,-0.0011211995496491767,-0.02301688286010717,-0.04437095247083578,8.683779922202817e-05,1
2001-11-01,-0.0006262178161833276,-0.0010912593458218822,-0.021231888476518357,-0.04127055841838523,0.0006203132671589451,1
2001-12-01,1.4127471096081479e-05,-0.0010374542479567594,-0.01919879190397067,-0.037737969308698105,0.0010075904762301136,0
2002-01-01,0.0005669723595023157,-0.0009635843107904662,-0.016879163638743977,-0.03390085179525393,0.0004757742476138027,0
2002-02-01,0.0010366744151069085,-0.0008753185053311796,-0.014424288612060021,-0.029951051483143587,-0.0006438774769232936,0
2002-03-01,0.0014124448091008546,-0.0007760116614239365,-0.01201410468539632,-0.02613934983770516,-0.0016959228845401242,0
2002-04-01,0.001708519042365353,-0.0006635868738271711,-0.00971784502009676,-0.022434021244635893,-0.002558736783193627,0
2002-05-01,0.0019328699533662785,-0.0005464763132323469,-0.00766217772905442,-0.018728493823979564,-0.003404001960817471,0
2002-06-01,0.0020705212266802775,-0.00044047338887587273,-0.005898672369011537,-0.015203133492926568,-0.004080501880974197,0
2002-07-01,0.002080327123985093,-0.0003574314990437699,-0.004565018540261256,-0.012267919868441668,-0.00404117313180441,0
2002-08-01,0.001932773573149582,-0.00030419977267648335,-0.003750314658625742,-0.01032622964646368,-0.003106831028561796,0
2002-09-01,0.001660966227586158,-0.0002781553216664179,-0.0035181673277466796,-0.009444636846392296,-0.0018971697352379024,0
2002-10-01,0.0013297907470537496,-0.00026893388487714276,-0.003600951566824717,-0.009409812086643043,-0.0016327640144480071,0
2002-11-01,0.001015031173416503,-0.0002649501699885093,-0.003773705469165556,-0.00993664506614067,-0.0017358440900103744,0
2002-12-01,0.0007821675795911531,-0.00025648440674430617,-0.003955276119725903,-0.010699270065234634,-0.0015753426883922117,0
2003-01-01,0.0006516392263993254,-0.00023727414227359134,-0.004020173213972189,-0.01139316925963696,-0.0011759164397662225,0
2003-02-01,0.0006387656248261209,-0.00020522680356727108,-0.003798461413460963,-0.011744239035341497,-0.0006257360342036833,0
2003-03-01,0.0007147198770107721,-0.00016041371720376674,-0.003155358712932488,-0.01158762652802281,-8.425226441177713e-05,0
2003-04-01,0.000835807925822607,-0.00010367964378943384,-0.0021665314169201366,-0.01095683415011206,0.0004568393895270084,0
2003-05-01,0.0009711238173855108,-3.4546111564282e-05,-0.0009502853586642601,-0.010004035998561811,0.0012410652544101453,0
2003-06-01,0.001091023534407043,5.213824833916192e-05,0.0002978479733293238,-0.008845628054048982,0.0019960180554887685,0
2003-07-01,0.0012190639863884911,0.00016218310545568215,0.0015565358266846907,-0.0076438614870351085,0.0022796519709209484,0
2003-08-01,0.001380271455465376,0.0002966283928422797,0.002809287817008066,-0.006525752882860836,0.002195884764895517,0
2003-09-01,0.0015587859338630494,0.00044824799516440805,0.003979142582995809,-0.005506724415657249,0.0018611361765916712,0
2003-10-01,0.0017608539282631952,0.0006020664848449542,0.005018123375591932,-0.004389555717766447,0.0015024326228303408,0
2003-11-01,0.0019721770811846895,0.0007454914655333766,0.006023108573691038,-0.0027315446192557324,0.001113818104431008,0
2003-12-01,0.002192829508700811,0.0008736465763341528,0.00706020150623532,-0.00031788135076693536,0.0007667921827216873,0
2004-01-01,0.0023875509594271094,0.0009832589666061153,0.007939347508942651,0.0027709322463558284,0.0007016298329070025,0
2004-02-01,0.002516145156620908,0.0010717904793882127,0.008498361488091577,0.006350149400986549,0.0009433125281224086,0
2004-03-01,0.0025895797082844396,0.001141928941059689,0.008613300916364475,0.010156933712783811,0.0013108547123361625,0
2004-04-01,0.0026481477103326156,0.0011956602724652043,0.008303437923318002,0.013820056940585301,0.001503846810525289,0
2004-05-01,0.0027252325818070133,0.0012357055240190817,0.007688635334913929,0.017049330568375876,0.0015052742252574802,0
2004-06-01,0.0028179813727708947,0.001262869715530357,0.0070762193631710435,0.01976637245882662,0.0014286085393435677,0
2004-07-01,0.0029077742822352093,0.0012812899947718392,0.0066229999364653125,0.02219279757787107,0.0013590612535683277,0
2004-08-01,0.002992805121542652,0.0012950670156985922,0.006396080732011367,0.02449212412806867,0.0012218435567175057,0
2004-09-01,0.0030606654690963353,0.0013088051389882338,0.006529270844185531,0.026600527333129564,0.0015428043201026753,0
2004-10-01,0.0030961149371151464,0.0013292762539300895,0.006936728459182362,0.02838515544204978,0.0026618248137455502,0
2004-11-01,0.0030719605710789466,0.0013589036718837377,0.007347667289315352,0.02970304705653337,0.003710877568700699,0
2004-12-01,0.002947105273890749,0.0013916574101955348,0.007560262976917365,0.03049671790460229,0.004099022397016316,0
2005-01-01,0.0027698315322393086,0.0014241166169952635,0.007607305924163255,0.030784889436878737,0.003572564679412249,0
2005-02-01,0.0025984973593260463,0.0014590191252068507,0.007485358891236471,0.030655795367161787,0.0023281647728108368,0
2005-03-01,0.0024581870006930018,0.0014925348511578562,0.007452091210158773,0.030169121768631513,0.0008362450705954316,0
2005-04-01,0.002333317697014614,0.0015218691323166667,0.007651531664214062,0.029460730157196302,-0.0004390418237134597,0
2005-05-01,0.0021979803031761946,0.0015478327347100418,0.008019665527648101,0.028732914738331727,-0.0015567238864595545,0
2005-06-01,0.0020789716219260512,0.0015736657777694063,0.008441671649564553,0.028029285481908195,-0.0021303406160861904,0
2005-07-01,0.0019767327376252197,0.0015998373491612483,0.008764181626709666,0.02731780499596126,-0.002047984642872258,0
2005-08-01,0.001883131086469092,0.0016196677164579398,0.008900259305629099,0.026583236704772917,-0.0017764647003843947,0
2005-09-01,0.001791547569521157,0.0016232271465881354,0.008729493711668423,0.02581173848122642,-0.0019174693103831686,0
2005-10-01,0.0017069835335892236,0.0016044525199188087,0.00826643928218962,0.024964191877008712,-0.0026680392862656888,0
2005-11-01,0.0016789754196473439,0.0015681786727306246,0.00763281643838587,0.02393204308562935,-0.003783992515286716,0
2005-12-01,0.0017272829140484447,0.0015212172069460905,0.006988649356970855,0.022662135434831754,-0.00478101474842596,0
2006-01-01,0.001805943646551178,0.0014674218181411902,0.006524720808459561,0.021198991415461776,-0.005113928781873334,0
2006-02-01,0.0018671087300878852,0.0014118985451183619,0.00636046186170236,0.019588798719779366,-0.0047049103602025966,0
2006-03-01,0.0019122649901426314,0.0013630492947456219,0.006356257569496648,0.017886157535202063,-0.0037339100746192067,0
2006-04-01,0.0019424164005572564,0.0013231780006552896,0.0063306957108313355,0.0161571025150673,-0.0023825352087740725,0
2006-05-01,0.0019654690543022824,0.0012900644305577913,0.006246609411655335,0.014485152873699558,-0.0008848573957607186,0
2006-06-01,0.001973391481412179,0.0012586097678024544,0.006031045407072666,0.012922136306952936,-3.9011708885094976e-05,0
2006-07-01,0.001984288326393191,0.001221887827927759,0.005513343477925536,0.011434729702197277,-0.0002780309759375932,0
2006-08-01,0.002012565561885893,0.0011796044058680621,0.004776258120471333,0.009944213488867426,-0.0010651948023050473,0
2006-09-01,0.002079306946081161,0.0011352675836135973,0.0039957800277830025,0.008373485444208129,-0.0019674109847662713,0
2006-10-01,0.002134543829687807,0.0010882545376595942,0.0032470007370413168,0.0066783859314591965,-0.002699054207881524,0
2006-11-01,0.002140725821710099,0.0010347705285127518,0.0025946810021177935,0.004861954652854994,-0.003167823981026885,0
2006-12-01,0.002128825813311863,0.0009788969411292925,0.001834981771433597,0.0029407929013438583,-0.0033071812955234314,0
2007-01-01,0.002094656868073308,0.0009246930266737508,0.0007798165325501039,0.0009548926368205812,-0.003226063653576361,0
2007-02-01,0.0020546201840145883,0.0008718693823031032,-0.0005386212760076781,-0.0010427618709769604,-0.0029958602465711692,0
2007-03-01,0.0020170747095216157,0.0008191875844101304,-0.0020345561828076786,-0.0029845647994455327,-0.002871963187155213,0
2007-04-01,0.001980573950786102,0.0007656852411699333,-0.003410837328699401,-0.0050332126401291255,-0.0030563252853177403,0
2007-05-01,0.0019151786586295572,0.0007101844475272401,-0.0045553076682933735,-0.0075821284662231925,-0.0035127494764348732,0
2007-06-01,0.0017817806105666634,0.0006484264733739309,-0.00554367759975527,-0.010822385453334693,-0.004260682817427419,0
2007-07-01,0.001539396897778822,0.0005704096606464759,-0.006468467123012633,-0.014764216299849142,-0.0052361334098551815,0
2007-08-01,0.0011618489587892356,0.0004665275426223303,-0.007614093709384484,-0.019185024632582426,-0.006271256868238595,0
2007-09-01,0.0006560401894901702,0.00033753309255679653,-0.009131639479705855,-0.02373403511740646,-0.0073705941505401995,0
2007-10-01,6.278839585860396e-05,0.00019175939965343503,-0.011150419499037945,-0.028086015963268762,-0.008782813488068086,0
2007-11-01,-0.0006437908580068097,3.2639129109668374e-05,-0.013630165879516376,-0.031935455773507426,-0.010381133422210809,0
2007-12-01,-0.0015351032501609296,-0.00014294450162388728,-0.0163318615811594,-0.035083342970513964,-0.012071836303227279,1
2008-01-01,-0.0025377759773679287,-0.00034188671840063023,-0.019039596882001186,-0.03768775011625758,-0.014206672496573702,1
2008-02-01,-0.003617379482466987,-0.0005742550540883684,-0.021737464259975914,-0.04018358064309213,-0.01700901706785496,1
2008-03-01,-0.00480135870917664,-0.0008486045252542596,-0.024612338428855907,-0.042932496262616304,-0.020335148653605195,1
2008-04-01,-0.006100077421502981,-0.0011691271483353916,-0.027833274560719934,-0.04593823682143716,-0.02405572342813178,1
2008-05-01,-0.007446617021617641,-0.0015345992853532664,-0.031477844304316216,-0.04876520336676138,-0.027900036968364184,1
2008-06-01,-0.008748586686794013,-0.0019366659923818474,-0.03526365481248317,-0.05086246832321972,-0.031283020673855244,1
2008-07-01,-0.009912977091331321,-0.002353601403408234,-0.03872495798867859,-0.051722450806164444,-0.03364580877290191,1
2008-08-01,-0.010903565494408518,-0.002757247378582406,-0.0415977389726121,-0.051075491717597954,-0.03474567695900932,1
2008-09-01,-0.011704135684540873,-0.0031232794051252455,-0.0435554065041468,-0.04891751356254859,-0.03454292640232692,1
2008-10-01,-0.012208952237664938,-0.003432261695980543,-0.044267732756689604,-0.045665606307850215,-0.032732659545519294,1
2008-11-01,-0.012308862746641225,-0.0036706063962714808,-0.043710185241775834,-0.042165773110513394,-0.02920349759449037,1
2008-12-01,-0.011959303415448375,-0.00383433455894,-0.04211223582480583,-0.03927334615334033,-0.02509467410063637,1
2009-01-01,-0.011215942827083936,-0.003923053391091003,-0.03988211101292949,-0.03717158566940726,-0.02083149083260505,1
2009-02-01,-0.010126452886397352,-0.003934872994573624,-0.03726756745393711,-0.035151450786888416,-0.01645345249861707,1
2009-03-01,-0.008731741454076847,-0.003870812923919331,-0.03439780288829564,-0.032521630145756486,-0.011936111895692658,1
2009-04-01,-0.007070826480126691,-0.0037279627319222186,-0.03134328362228933,-0.028742401971577625,-0.0074901961118114535,1
2009-05-01,-0.005242339644541794,-0.003504666975576498,-0.028067566287598655,-0.023674635820724266,-0.0034130138717616276,1
2009-06-01,-0.003380519510730373,-0.003203576810275166,-0.024596641456843038,-0.01779398918294972,0.000444095741389372,1
2009-07-01,-0.0015764484699367642,-0.002832020597043794,-0.020892781575178265,-0.011928845496783858,0.0042597014910796815,0
2009-08-01,0.000175100696234054,-0.00240264861372097,-0.01691078370549537,-0.007040346432406475,0.007700166008520082,0
2009-09-01,0.001861425856757748,-0.0019457261765047917,-0.012854681239448773,-0.0038606343557650025,0.010037264011432345,0
2009-10-01,0.0032999497390573396,-0.0014963683368538483,-0.0090622782616121,-0.002325547475593881,0.01099905418036995,0
2009-11-01,0.004374966679659309,-0.001081865314976227,-0.005790951159431845,-0.0017612813227234625,0.010629017564249388,0
2009-12-01,0.005100533507344629,-0.0007212435550094654,-0.003137207188437685,-0.0014085687574481032,0.009527766529746629,0
2010-01-01,0.005489138287934736,-0.0004184031573508662,-0.0010768515547452395,-0.0007715759555544377,0.008260522180728369,0
2010-02-01,0.0055615078916320115,-0.00016863784344245403,0.0004228720394974239,6.469096961247978e-05,0.007196236662773359,0
2010-03-01,0.005403229698617729,3.937511216811629e-05,0.0015401778522279308,0.0008839353165970287,0.006696393687586788,0
2010-04-01,0.005086271578206514,0.00021542207984026618,0.0024506467070368743,0.001422920870820077,0.0071148330655947944,0
2010-05-01,0.004699829900786767,0.00036827725166332925,0.003371638656608056,0.0014794814061440675,0.00839025225226564,0
2010-06-01,0.004337405313791898,0.000503499958597331,0.0043406881712790835,0.0010432298819860186,0.0100027584590614,0
2010-07-01,0.0039946143458591266,0.0006196197571046724,0.005179122214758802,0.0002803495047081217,0.010945545571208637,0
2010-08-01,0.003631690239418006,0.0007098329590942143,0.005763880530699428,-0.0005198359525777629,0.010477244509194517,0
2010-09-01,0.0032336373551320463,0.0007771654109376414,0.006041741183479665,-0.0010839766153678543,0.009554042745411273,0
2010-10-01,0.0028607694714599674,0.0008279065944094555,0.006025340029783166,-0.001313261959821732,0.008559049806475816,0
2010-11-01,0.002567423677170666,0.0008683410635885735,0.005683745501025239,-0.0012211568860922561,0.007494249129763375,0
2010-12-01,0.0023730166572661915,0.0009111509863224398,0.005152504347007092,-0.0008652919462586173,0.006772189243454019,0
2011-01-01,0.0022796360336680976,0.0009640303423896768,0.00473592282099089,-0.0003794618436243624,0.0067280691757583,0
2011-02-01,0.0022768373956374433,0.0010311341074213942,0.004675535524525376,9.085692633958864e-05,0.0072979432882727124,0
2011-03-01,0.0023512284895454982,0.0011112565210389391,0.005054420402368809,0.00044683038615978,0.008021093376925581,0
2011-04-01,0.002489226968784841,0.001196957501603535,0.005804879816856179,0.0006100882223689652,0.008677475508787946,0
2011-05-01,0.0026273576945312627,0.0012741114471097603,0.00662174559058526,0.0005548272763646889,0.009061367412240617,0
2011-06-01,0.0027145313581886654,0.0013372899409986871,0.007277683876335317,0.00032938041486896275,0.009043958524888485,0
2011-07-01,0.002770579384263172,0.0013829196737678018,0.007722361445154924,2.9568607267105307e-05,0.008915672137876918,0
2011-08-01,0.002804888366809699,0.0014092197063959588,0.007928529180989852,-0.00022776789021983213,0.009037661616393855,0
2011-09-01,0.002813223853838309,0.0014183563571599223,0.007909665544074684,-0.0003502872610692265,0.009260391226297404,0
2011-10-01,0.0028110497452304983,0.0014130540635406419,0.0077751194231772125,-0.0003332476192658973,0.009524709856078228,0
2011-11-01,0.002772793160313647,0.0013980639556958607,0.0078263805230665,-0.0002316685821253106,0.009936839572234568,0
2011-12-01,0.0026639109726875887,0.0013794891633853723,0.008150156460981162,-0.00010854829241013775,0.010468605182570201,0
2012-01-01,0.0025121657025399813,0.0013634058315954434,0.008639834095026888,-1.3568019942677978e-05,0.010901255493728002,0
2012-02-01,0.0023523765054713763,0.001350646556300461,0.009080790094678104,4.7182827677128e-05,0.011078141653299678,0
2012-03-01,0.00217337243025284,0.001340293020509975,0.009216862034044482,8.196964523832229e-05,0.010903484513461237,0
2012-04-01,0.001997429251553662,0.0013299916273226131,0.008926468808304833,9.861777918085401e-05,0.010376279148716971,0
2012-05-01,0.0018618388141238285,0.0013215464368165897,0.008347422986168418,0.00010343599696849282,0.009700263154322819,0
2012-06-01,0.0017714331030758146,0.001311221099873805,0.007722279008782529,0.0001007653736908587,0.00894707996173194,0
2012-07-01,0.001707590795274605,0.0012997200214268645,0.007139113762173022,9.318607707831106e-05,0.008194729771026754,0
2012-08-01,0.0016529276931303016,0.0012916568709595566,0.006709698254808938,8.224367943610034e-05,0.007624346481550859,0
2012-09-01,0.001601257071999207,0.0012888393316838886,0.006546075500177828,6.940371292141201e-05,0.0071858801278441575,0
2012-10-01,0.0015399147780303934,0.001294449909877926,0.006706840770044131,5.683166002001805e-05,0.006850841459757451,0
2012-11-01,0.0015056597806246685,0.0013129080080265254,0.0070891437035798255,4.761004769715527e-05,0.006643175883240371,0
2012-12-01,0.001520779207476508,0.0013413155981787384,0.007495281710967472,4.523930727162728e-05,0.006518931477144996,0
2013-01-01,0.00156003046123665,0.0013718365054025128,0.007735336101590828,5.2679616624029535e-05,0.0063239988826477855,0
2013-02-01,0.0016123333798772066,0.0013974445567797034,0.00795335018947041,6.698956226558472e-05,0.0059592534901558025,0
2013-03-01,0.001686489165259708,0.0014115331136874687,0.008337355032423499,6.954321244334594e-05,0.005446518911970344,0
2013-04-01,0.0017467641252988386,0.001414902063931578,0.008925396023011345,4.3383163891963505e-05,0.004750955336354057,0
2013-05-01,0.001794774410918798,0.0014118942707455062,0.009598358431216258,-6.658972788731177e-06,0.004041006280880222,0
2013-06-01,0.0018540295092881465,0.001409940238751517,0.010323145699882241,-6.488226832357391e-05,0.003588082527377523,0
2013-07-01,0.0019272860063139774,0.0014128161221567126,0.011237819698220353,-0.00011495156288754416,0.0034954081927098812,0
2013-08-01,0.002034089739179734,0.0014216792674837109,0.012264025549937108,-0.00014443011849185616,0.00374705976826073,0
2013-09-01,0.002179902790955701,0.0014390293913688623,0.013198848026039656,-0.00014604775005389037,0.0042457673409805885,0
2013-10-01,0.002334163971954517,0.0014648876990150939,0.013827767641986677,-0.0001172973452308046,0.004852952363046281,0
2013-11-01,0.0024572576943144853,0.0014969588193682881,0.01412358924299073,-5.935549255986494e-05,0.005357549991282351,0
2013-12-01,0.0025388713684444397,0.0015315545284551035,0.01439092349272486,2.4023356465896484e-05,0.005583572695040395,0
2014-01-01,0.002582479430611073,0.001565191279636835,0.014852702781966265,0.00012862078434783264,0.005476204684473185,0
2014-02-01,0.002601374398624401,0.001596610186918923,0.015300946278081762,0.0002388667873054473,0.005221141582536504,0
2014-03-01,0.0025918195001617406,0.001627939772740561,0.01552616546376595,0.00029482428476179656,0.005113860737363307,0
2014-04-01,0.002525601933248467,0.0016607941186261854,0.015553448237334955,0.00025157110582418873,0.005153913888321426,0
2014-05-01,0.0023695483894172753,0.0016935429507913824,0.015532783681939888,0.00013626773079034038,0.00524508570008031,0
2014-06-01,0.0021112094816713167,0.0017220486583156003,0.015479702827512654,-5.720908043516104e-06,0.005421355394073846,0
2014-07-01,0.0017526728661945157,0.0017461101516484945,0.015194251208640708,-0.0001320344978044119,0.005609301476766859,0
2014-08-01,0.0012812130516763887,0.0017653030510196288,0.014582198546740255,-0.00020920830089932174,0.005699499947926068,0
2014-09-01,0.0007117624820800472,0.0017765524666746302,0.013941631572908397,-0.00023701775956830318,0.0055987798034431435,0
2014-10-01,0.00012132969351164036,0.0017768765375869577,0.013540589162456262,-0.00023188955843789216,0.005327316450757458,0
2014-11-01,-0.0004238592382179718,0.001763398025417473,0.013371172078144644,-0.00019756965772699253,0.004979390649161974,0
2014-12-01,-0.0008883075922039296,0.0017391258397445597,0.013243404101507705,-0.00011997177876388321,0.004685310735142334,0
2015-01-01,-0.001271217314601003,0.001711337461363982,0.01302062859957287,1.531083993921989e-05,0.0045929396995694205,0
2015-02-01,-0.001620314225713848,0.001686376799927558,0.012757609778965007,0.00023525699427251467,0.004625830174822543,0
2015-03-01,-0.001968995075174007,0.0016652001616481726,0.01252910302026744,0.0006222683130472362,0.004569073690338321,0
2015-04-01,-0.002280202984892732,0.0016445682079346824,0.012242541384334782,0.0012569966307536262,0.004546306760375263,0
2015-05-01,-0.002539846231696785,0.0016240169029515528,0.011818021734605777,0.002113609527932825,0.004459127809228303,0
2015-06-01,-0.0027524161514937973,0.0016039196291899316,0.01115989505975401,0.003062623136013354,0.004075164963834421,0
2015-07-01,-0.002888194714799397,0.001582881703326322,0.010442428271106419,0.003962685279468747,0.003447096018322604,0
2015-08-01,-0.0029015781781271954,0.0015575807171597233,0.00993002951409605,0.004735805942164051,0.002678001352983017,0
2015-09-01,-0.0027780131731560687,0.0015291280653713102,0.009467902185849919,0.005300395030041205,0.001901827439335424,0
2015-10-01,-0.0025517383942874616,0.0015035641237410857,0.008947060673058393,0.005609587119959292,0.0012277713031005888,0
2015-11-01,-0.0022912573172284567,0.0014846994807857783,0.008344498934742761,0.005717400544766216,0.0006420439956036361,0
2015-12-01,-0.002048078757824534,0.001474027745475226,0.00754972652870034,0.005754057388144718,3.99366686081315e-05,0
2016-01-01,-0.0018374657073660927,0.0014680484042113306,0.006642628442059539,0.005818093327559781,-0.0005250100299458715,0
2016-02-01,-0.0016511054191212793,0.0014625521635771577,0.005791876757778924,0.005940439851275681,-0.0009381944474733395,0
2016-03-01,-0.0014615955316861218,0.0014583758347637144,0.0050905717483547,0.0061258076581871546,-0.001206013691255503,0
2016-04-01,-0.0012475389915884705,0.0014546391469139053,0.004690449838179456,0.006343155080878793,-0.001358483428862911,0
2016-05-01,-0.00098819761397273,0.0014459308564287454,0.00475143946055101,0.006575716123359054,-0.001383602799098771,0
2016-06-01,-0.0006635302179800462,0.0014311894057623675,0.005245199128975253,0.00690470029950907,-0.0013533555128359964,0
2016-07-01,-0.0002941433784329206,0.001413091392207022,0.006014679504085185,0.007386964812946095,-0.0013500909935117988,0
2016-08-01,8.646618647478732e-05,0.0013970203892679223,0.0068005990475239475,0.008033243138774848,-0.0014425859515161399,0
2016-09-01,0.00043511698142228994,0.0013860749418057594,0.007515202295912182,0.008901341728142276,-0.0016138636437186271,0
2016-10-01,0.0007150149807557682,0.0013771424841309,0.008088639191538238,0.010033842548375027,-0.001855877303934328,0
2016-11-01,0.0009088366845038109,0.0013648664786529707,0.008542686404727995,0.011368380832778913,-0.002069540890816679,0
2016-12-01,0.001034914212930893,0.0013440902047694436,0.008937479178856345,0.012705124446787286,-0.001978851476173382,0
2017-01-01,0.0011233206413017172,0.0013138368610405848,0.00922294718455463,0.013794025502382734,-0.0017035416284354454,0
2017-02-01,0.0012108306656211099,0.0012736785415849994,0.009379315908558228,0.014544437667814769,-0.0014242083583386744,0
2017-03-01,0.0013323680735766175,0.0012205134933243045,0.009512157213459549,0.014993828344173288,-0.0011477973517073359,0
2017-04-01,0.0014917220615391358,0.0011573941328784088,0.00956252146773795,0.015172898718082362,-0.0009532973831647418,0
2017-05-01,0.001681810870906908,0.0010982976410449652,0.009237364113589663,0.01511004493079815,-0.0007960979923709033,0
2017-06-01,0.001906834390402956,0.001068959310932982,0.008864500303607192,0.014988544016278027,-0.0004928279873550601,0
2017-07-01,0.0021869508905387747,0.0011166052048690034,0.009252837150582671,0.014976479021669986,1.592337888256523e-05,0
2017-08-01,0.00245251279190839,0.0012306579478593704,0.010430450446315964,0.015026034200804839,0.0006032118907635109,0
2017-09-01,0.002643782536413397,0.0013610956531220353,0.011878580036884578,0.015057410990458875,0.0011976887929452396,0
2017-10-01,0.002752506390338638,0.0014651047595517497,0.013147369982344337,0.015018466034684597,0.0016991118379738879,0
2017-11-01,0.0028063964997375734,0.0015184594195716272,0.013685868182862215,0.014886602073754363,0.0019482714297924808,0
2017-12-01,0.0028103900328098064,0.0015117689754173824,0.013271551959730843,0.014708322042722433,0.0017862715423628828,0
2018-01-01,0.002772790015932003,0.001449380271338896,0.011941384976821512,0.014648955066723701,0.0013377672017194087,0
2018-02-01,0.002699097832032926,0.0013470280042877647,0.00982957389890804,0.014748277621930317,0.0007247152166631743,0
2018-03-01,0.002565305729035572,0.0012274838557964074,0.007083716342926483,0.01491614265164909,8.326604490394018e-05,0
2018-04-01,0.0023351403596283404,0.0011066247738416024,0.0039995394107950055,0.015091500671413405,-0.0006113686474318314,0
2018-05-01,0.0019953052686574324,0.0009876219168809541,0.0010341681190906282,0.015229083534147536,-0.001235712543603551,0
2018-06-01,0.0016062365951121649,0.0009087924359381105,-0.0008584398474522636,0.015341987169651627,-0.0014087060447640631,0
2018-07-01,0.0013093440147695645,0.0009820954298582762,0.0006497839783539128,0.015358999233652249,-0.0010486769791913098,0
2018-08-01,0.001139333071638049,0.0011721420647390346,0.004959785158401564,0.01513149384931145,-0.00038650875649626215,0
2018-09-01,0.0009831484812767854,0.0013640287716469857,0.009789720614368225,0.01452807471730666,0.00014070544575162103,0
2018-10-01,0.0007120125033495128,0.0014689127664020418,0.013067237821089428,0.013481088806528652,0.00030114454176599637,0
2018-11-01,0.00032378883546080317,0.001453028456635863,0.013726555588041034,0.011903976906801894,0.00020620813104610392,0
2018-12-01,-0.00011673497498776442,0.0013403383751775522,0.01192155995460964,0.00980357566050949,-3.3107229641782254e-05,0
2019-01-01,-0.0005527528274198446,0.0011883756110790955,0.008559526608951762,0.007256478116534071,-0.00035198101832589757,0
2019-02-01,-0.0009270088017760969,0.001057895268786524,0.005121551008208103,0.004386677935731553,-0.0006054529051122692,0
2019-03-01,-0.0012289615181932945,0.000982819260588741,0.002646494889330553,0.0013581035565566335,-0.0008491570792399372,0
2019-04-01,-0.0014786910363646655,0.0009454053742796731,0.0010951056891534972,-0.0016424433713222442,-0.0011847711971477715,0
2019-05-01,-0.0016478906938841575,0.0009288851876885218,0.0003279738175072655,-0.004574413949270717,-0.0018644454886116435,0
2019-06-01,-0.001995205753213547,0.0007328424801418265,-0.003762289525215623,-0.007959774712197554,-0.004054684562284638,0
2019-07-01,-0.0029436999070489023,-6.032514430387437e-05,-0.01973153426935914,-0.012127670033361904,-0.008110288047394665,0
2019-08-01,-0.004419931358216722,-0.0014009665465319898,-0.0451770974397101,-0.016906156356401025,-0.012859315025023577,0
2019-09-01,-0.005978308249125597,-0.0029566547050503544,-0.07085870855073773,-0.021949698157980313,-0.017055829970564318,0
2019-10-01,-0.007203257472965241,-0.004415989575706547,-0.08909237875368081,-0.026951686371453176,-0.019812828583306352,0
2019-11-01,-0.007892390365388913,-0.005553525540955562,-0.09648718403651824,-0.031533403122106174,-0.02063351474916919,0
2019-12-01,-0.007994159253347455,-0.006244689495634503,-0.09399755886678896,-0.0352810098046612,-0.019385381589803963,0
2020-01-01,-0.007546380050596824,-0.006451608259524733,-0.08425417541880131,-0.03791931649455238,-0.01641401368684514,0
2020-02-01,-0.006676180857325242,-0.006229280673020199,-0.07066854762334507,-0.039298930251976616,-0.012531690392277639,1
2020-03-01,-0.0055985190006371255,-0.00576940452124397,-0.056789185441173506,-0.039435332544269786,-0.008817314956446776,1
2020-04-01,-0.004623600278470974,-0.005357322582961288,-0.045716533229567036,-0.03858006359311372,-0.006030923558902224,1
2020-05-01,-0.003912781065333881,-0.0050694728406579515,-0.03779426999221713,-0.03682058986609582,-0.0038630052005159676,0
2020-06-01,-0.0031747714985748132,-0.004700587173458004,-0.030752670954377503,-0.033987772662058324,-0.0009887601030831306,0
2020-07-01,-0.0020682219112817535,-0.003986394963657602,-0.021996640089404718,-0.030029072883646757,0.0031987358512948205,0
2020-08-01,-0.0005353271646058033,-0.002850978751716582,-0.010741552964184997,-0.02515039440259348,0.008094525339259917,0
2020-09-01,0.0012748126562920348,-0.0013624421098725747,0.0025737253013429218,-0.019751057546486983,0.012605188316845872,0
2020-10-01,0.0031447205529486766,0.0003302236452906726,0.017237108514886135,-0.01425386356559577,0.015633919134278695,0
2020-11-01,0.004778204895257154,0.0020017879246712056,0.03197090381685097,-0.009196993322261982,0.01605179508315624,0
2020-12-01,0.0058689487798231355,0.0033755087585358723,0.0447469767824189,-0.005244074070763549,0.013311016971858436,0
2021-01-01,0.006226394276986902,0.004197741049177139,0.05300798631024173,-0.0031185053354252368,0.007730653105610497,0
2021-02-01,0.005800581853017128,0.004348746630224554,0.05461464281627948,-0.0029233252279050603,0.00045114923438660526,0
2021-03-01,0.004912751655478331,0.004015331990810722,0.05012107780125441,-0.0030353315346356435,-0.006216995438432349,0
2021-04-01,0.004194161603862767,0.0037233008936645717,0.04489896199273824,-0.0024305151062797847,-0.010639996680673836,0
2021-05-01,0.003863453111983439,0.003606060271781786,0.0412224583645584,-0.0011011510134930624,-0.013116721711276202,0
2021-06-01,0.0037827326512678283,0.003589360089954141,0.03913413097866747,0.0008373757506754398,-0.014315164459418828,0
2021-07-01,0.0038454087040733498,0.0036761672150404934,0.039299568210614755,0.0033005431617403325,-0.014923271821542183,0
2021-08-01,0.003940856777643553,0.003795895469744792,0.04082685773638439,0.006254109408913244,-0.015572882999772553,0
2021-09-01,0.003953182844309566,0.003846091783227479,0.04233141467359425,0.009805077040451637,-0.016381880381308278,0
2021-10-01,0.003820549114265326,0.003771643243075218,0.042331965077596845,0.014250745538286314,-0.01693239468698371,0
2021-11-01,0.003579540762785882,0.003586291783308937,0.04029187173309601,0.019742454605125914,-0.016491053552583068,0
2021-12-01,0.003304708206429474,0.0033634734554564005,0.036978896898657965,0.02600734363937196,-0.01445122968705137,0
2022-01-01,0.0032890271873400323,0.003338019685873661,0.03332617247059022,0.0476994960188617,-0.001123405794412502,0
2022-02-01,0.003114447992616398,0.0031744225341370225,0.02957875512326824,0.04887886259210483,0.0005135374102862578,0
2022-03-01,0.003100458283104679,0.003138024031407838,0.02944923968276103,0.04739894688897106,0.0010153490763702422,0
2022-04-01,0.003135266436466999,0.0031493935303039677,0.030592799306777385,0.045935273763153095,0.0015233316078999692,0
2022-05-01,0.0031784269140064936,0.0031769546753874778,0.0322271108381702,0.04468187495732767,0.0020750347285325432,0
2022-06-01,0.0032098579301429453,0.003202357948893564,0.03394879147763863,0.043571492823732516,0.002624680868652529,0
2022-07-01,0.0032227589770652543,0.0032175950022033106,0.03555418728512971,0.04256207008348678,0.0031654459274719216,0
2022-08-01,0.0032183799164053895,0.0032209671650207383,0.036944764827013366,0.041628592270680054,0.003692918496438491,0
2022-09-01,0.003200992159836602,0.0032131703416631296,0.03808197835493021,0.040748957753480086,0.004203553944041261,0
2022-10-01,0.003174342248062345,0.0031962476181632837,0.038987604135519494,0.03989921462340407,0.004684808271933072,0
2022-11-01,0.0031401736718423834,0.0031729961352517932,0.03972015927988615,0.03905970012001192,0.00511632593503375,0
