"DATE","PN01652XM","PN01654XM","PN01655XM","PN01660XM","PN01661XM","PN01662XM","PN01664XM"
Ene00,83.7023080503666,284.315,5.23928571428571,27.297,97.8607485921334,74.406013479,342.031452498857
Feb00,81.3776039318044,299.864285714286,5.28428571428571,29.3728571428571,100.288458026633,78.117878097,333.748370361914
Mar00,78.9373990419238,286.389130434783,5.10152173913043,29.8417391304348,99.2998772479,79.7292870451304,358.193664180513
Abr00,76.2900416606452,279.72,5.10125,25.8005,96.668108993365,80.84272416885,390.20718098089
May00,80.9706761641179,275.010869565217,5.04304347826087,28.8304347826087,100.166549546609,82.142732616913,374.191556163635
Jun00,79.4726828652091,285.731818181818,5.05227272727273,31.8222727272727,103.842735983318,70.1828727428182,344.0313601631
Jul00,81.7891850125666,281.585714285714,5.02166666666667,29.9580952380952,103.324188382567,57.477661206,320.457645412143
Ago00,84.2293429467149,274.432608695652,4.92760869565218,31.2639130434783,100.110635204757,56.4506630903478,309.423577655574
Sep00,88.9899639576795,273.678571428571,4.94785714285714,33.8619047619048,109.833074217767,59.652288962,306.537028284657
Oct00,85.9273023542772,269.997727272727,4.88136363636364,33.1086363636364,121.120630695782,68.6081422988182,295.048653907027
Nov00,81.4471498535519,266.006818181818,4.7125,34.4688636363636,123.446340544705,75.1396947085909,293.254892773673
Dic00,83.9788482013505,271.828571428571,4.66238095238095,28.3280952380952,123.751941642233,77.04931101,289.309477224171
Ene01,81.1008374541905,265.876086956522,4.695,29.4821739130435,126.35443094123,75.5528280414783,280.466338781391
Feb01,80.110083240551,261.865,4.5705,29.59,121.01541007066,74.66190717615,280.91301449524
Mar01,79.0230078794026,263.027272727273,4.39931818181818,27.2445454545455,123.993320778473,73.9049628831818,311.152420059545
Abr01,75.604668982692,260.361904761905,4.39214285714286,27.55,121.8447681045,71.781462739,301.434901645171
May01,76.532866421909,272.273913043478,4.44239130434783,28.6052173913044,124.205722661483,68.2269081498261,298.879730332965
Jun01,73.0518078997588,270.230952380952,4.36809523809524,27.5990476190476,117.859825230933,66.719829169,310.389868771676
Jul01,69.253143578654,267.531818181818,4.25522727272727,26.4181818181818,113.320943087545,73.0639136687727,360.175210363291
Ago01,66.6416930538114,272.404347826087,4.20717391304348,27.3739130434783,112.244047386678,76.0320938287826,379.012969984791
Sep01,64.7446415545228,283.42,4.3825,26.222,113.790678021125,74.406013479,342.39993942282
Oct01,62.4767289855652,283.060869565217,4.42260869565217,22.1695652173913,117.184478877474,70.2809043811305,314.417527160191
Nov01,65.164626857635,276.163636363636,4.11818181818182,19.5209090909091,120.815824916659,72.3839164315909,330.382741930536
Dic01,66.7101545115768,276.142857142857,4.3802380952381,19.3804761904762,116.521304353533,75.005910791,327.732900064743
Ene02,68.3178154846095,281.29347826087,4.50239130434783,19.6517391304348,117.559903744196,74.7312295489565,319.14308782387
Feb02,70.8224391784789,295.495,4.4545,20.761,116.169833266935,73.87454195415,304.91033173571
Mar02,72.9648693613138,294.404761904762,4.57571428571429,24.6109523809524,115.563343333433,73.881103331,318.07455333979
Abr02,72.1474752846381,302.668181818182,4.605,26.2,116.252089073082,72.2407591185,333.729759911209
May02,72.3918638638807,314.317391304348,4.74065217391304,27.0260869565217,115.447140398496,74.7483461842174,351.924867681435
Jun02,74.829587612864,321.72,4.92125,25.526,112.67458781894,77.81136806415,390.26229654644
Jul02,72.0433865918228,313.291304347826,4.94826086956522,26.9673913043478,141.427339951952,84.6588780002609,420.459875278391
Ago02,67.2775426093749,310.059090909091,4.56159090909091,28.385,148.695115152309,95.2354025337273,453.691293583764
Sep02,67.0919280934437,319.135714285714,4.59738095238095,29.6304761904762,182.795584789767,98.458146332,451.590698609295
Oct02,67.3987978910668,316.55652173913,4.42239130434783,28.8365217391304,185.69552317263,91.6082319161739,456.481491858722
Nov02,71.8436322108352,319.066666666667,4.5297619047619,26.4014285714286,173.041004539433,89.328459115,512.448781179457
Dic02,72.1510834057988,334,4.65931818181818,29.5822727272727,161.054363182491,88.7217447880909,501.240995135536
Ene03,74.6442458243637,356.245652173913,4.83707826086957,32.9121739130435,147.462094990426,87.0552069367826,460.584006998791
Feb03,76.3008144795395,358.97,4.6745,35.85975,147.824539742075,89.1691113915,456.94110774883
Mar03,75.1009654506335,340.55,4.54738095238095,33.4321428571429,137.8282821111,87.791222253,471.579277048762
Abr03,72.1569594888321,328.072727272727,4.53431818181818,28.2581818181818,136.991408318323,90.207001911409,490.478428335409
May03,74.7824346237517,355.665909090909,4.74818181818182,28.1827272727273,138.3400695054,92.5869922415455,512.183940150191
Jun03,76.4351750207561,356.352380952381,4.55619047619048,30.6623809523809,128.6948455359,91.221885006,504.4176559136
Jul03,77.69248518801,351.019565217391,4.85826086956522,30.7408695652174,115.4671098063,81.7661666411739,482.534380061313
Ago03,79.6886203259158,359.719047619048,5.03023809523809,31.5738095238095,135.3218361544,83.348232786,450.813831590114
Sep03,81.1780871041354,378.945454545455,5.20522727272727,28.4681818181818,132.1854980201,83.0133469285909,512.003561935664
Oct03,87.3429587765113,378.919565217391,5.03913043478261,30.3413043478261,134.378138997017,80.704935255,604.795082424835
Nov03,93.1349882741835,389.91,5.22325,31.0305,149.85922270326,86.78733159495,615.089711538
Dic03,100.063956919232,407.902173913043,5.66326086956522,32.2039130434783,155.4258948228,91.0262663173044,646.6158150326
Ene04,109.622967997912,413.945454545455,6.33113636363636,34.185,155.9770504782,96.7206596570455,663.932123627218
Feb04,124.815807476527,404.9475,6.48075,34.723,152.858428061395,104.6408380038,722.33357898519
Mar04,136.090531263521,406.667391304348,7.28652173913043,36.7434782608696,152.9456943735,112.353593852348,756.674410449139
Abr04,132.899473051842,404.736363636364,7.13204545454545,36.7656818181818,156.603363722973,117.442680726954,741.394545754764
May04,124.052114515244,384.454761904762,5.89357142857143,40.2738095238095,151.729652530633,112.574479955,706.004149188095
Jun04,121.973051285306,392.372727272727,5.87727272727273,38.0445454545454,145.325549895432,106.330094298273,664.322943092027
Jul04,127.767693869484,398.090909090909,6.36068181818182,40.6686363636364,141.312969707255,87.6659596040454,630.361733701309
Ago04,128.954765731373,400.7,6.72272727272727,44.9031818181818,132.561285966964,83.3712402113182,577.691295059345
Sep04,131.685598004187,405.275,6.41659090909091,45.845,142.615701256382,76.3028478774545,575.476651425427
Oct04,136.504305176984,420.464285714286,7.14690476190476,53.2233333333333,140.9514974917,67.825889838,507.882062891029
Nov04,141.988845701672,439.375,7.52227272727273,48.53,147.759820706782,68.107091703,502.824315018609
Dic04,142.677481397496,441.917391304348,7.10260869565217,43.2908695652174,148.604345116835,71.1538527794348,477.789648766139
Ene05,143.909740681542,424.695238095238,6.65452380952381,46.9119047619048,147.4341378195,70.994097517,448.91365685401
Feb05,147.285979922369,423.35,7.09175,48.164,143.378550788515,71.63055107145,456.32381341467
Mar05,153.138702051889,433.523913043478,7.27065217391304,53.9882608695652,120.643180309187,75.4843615004348,521.872515890391
Abr05,153.759175099154,429.233333333333,7.15738095238095,52.9790476190476,132.259860291067,74.481000643,510.485617225581
May05,147.300000050307,422.318181818182,7.06431818181818,49.9163636363636,134.828539913041,73.9944362038636,515.510916107027
Jun05,160.105737495718,430.656818181818,7.33636363636364,56.3868181818182,136.356744230286,77.4302117180454,539.661554829845
Jul05,163.677728354785,424.478571428571,7.03547619047619,59.0080952380952,137.955135396867,83.98562368,561.118450110848
Ago05,172.075197616688,437.878260869565,7.02717391304348,64.9852173913043,142.433798105291,75.8951607466957,518.642264483374
Sep05,174.662960041736,456.047727272727,7.185,65.6468181818182,155.438421087695,67.5344624506364,507.965094132636
Oct05,184.105584934734,469.988095238095,7.69904761904762,62.2390476190476,164.301250575233,64.357733503,533.686645771391
Nov05,194.05403405141,476.665909090909,7.88681818181818,58.3181818181818,159.476053805664,65.7807853652727,497.182485308673
Dic05,207.727782358923,509.343181818182,8.68363636363637,59.3622727272727,162.870671592332,71.4354992323636,461.267178593909
Ene06,214.761556838881,548.188636363636,9.17022727272727,65.21,162.281937142245,75.4975879913182,467.700668245382
Feb06,225.661072330475,554.995,9.5165,61.5375,168.125439715975,79.0121000277,470.25702838571
Mar06,232.405941635701,557.213043478261,10.3752173913043,62.6852173913044,163.022257551574,78.3086063184783,479.026154497609
Abr06,289.840991378751,608.8875,12.63925,69.448,173.05368986801,84.2874470151,472.93564487144
May06,364.327367335383,672.586956521739,13.3489130434783,70.8660869565217,185.799364093213,85.4120099517391,514.664358448026
Jun06,327.619463180352,596.145454545455,10.7740909090909,70.9509090909091,186.415874174155,82.4049283479545,506.031038832427
Jul06,350.478947972233,633.709523809524,11.1930952380952,74.357619047619,189.0201442948,84.416799873,537.633970085067
Ago06,348.584753729258,632.1,12.2539130434783,73.0430434782609,178.542481297113,79.386954339913,506.92900863953
Sep06,345.757267350106,598.185714285714,11.6664285714286,64.0571428571429,183.832282332067,84.210585172,507.850568282143
Oct06,340.07675921081,585.779545454546,11.6168181818182,58.8931818181818,202.070364956167,107.546931459545,543.178930013127
Nov06,318.843481625629,627.827272727273,12.9904545454546,58.9481818181818,201.167638799368,132.044726662227,607.664141706627
Dic06,301.441292361915,628.745238095238,13.2611904761905,61.9519047619047,196.6182186871,136.870321091,603.57318288879
Ene07,259.284248035686,631.363043478261,12.8545652173913,54.7147826086957,190.204615454852,142.102305935739,595.746544358887
Feb07,259.370923622029,664.745,13.94625,59.284,193.81388622141,151.74496240995,605.63188048962
Mar07,293.260871704094,654.895454545455,13.1627272727273,60.4418181818182,193.693634078414,146.843613903,623.647655716127
Abr07,350.124713927389,678.809523809524,13.7288095238095,63.9904761904762,199.207775417233,130.796360807,670.047804043571
May07,348.836201675989,667.310869565217,13.1836956521739,63.5039130434783,201.714982113278,136.470932934913,711.086648752478
Jun07,340.840110014208,655.490476190476,13.1547619047619,67.4890476190476,225.308932526533,142.550598764,725.184365999495
Jul07,362.008981409418,665.295454545455,12.9343181818182,73.9945454545455,223.314075134532,117.728995353136,752.066923447627
Ago07,340.011857851297,665.213043478261,12.3321739130435,72.3560869565217,245.467954612604,118.738098804652,754.55605566887
Sep07,347.966586208451,712.6525,12.88375,79.618,304.68803223271,121.5298220157,818.87400360257
Oct07,363.807708245472,754.604347826087,13.7217391304348,85.7986956521739,317.4656575104,125.858619073174,843.613224281922
Nov07,315.583801879824,806.247727272727,14.6545454545455,94.945,307.436294750773,140.938374738,944.109595847664
Dic07,301.641628993984,805.7,14.3504761904762,91.7971428571429,348.400362232533,157.210589326,971.629680530209
Ene08,320.231286041784,887.167391304348,16.0026086956522,92.9947826086956,354.16144129167,176.57520935113,1075.37657374861
Feb08,360.204184477781,922.297619047619,17.642619047619,95.3947619047619,426.130806648867,190.167447904,1245.54879221223
Mar08,380.576961983684,964.369047619048,19.1252380952381,105.316666666667,435.7541593622,200.178234298,1259.32243449825
Abr08,395.268642269285,909.704545454545,17.5106818181818,112.580454545455,360.739727302564,218.046482501591,1255.82319257463
May08,379.335179223378,888.829545454545,17.0961363636364,125.678636363636,323.223563940677,217.957009180909,1311.36966163711
Jun08,376.118796931502,889.488095238095,17.0395238095238,133.88,330.225348358033,254.862623645,1384.31403896269
Jul08,381.336095308577,939.771739130435,18.0697826086957,133.89,310.739960961896,233.145688888304,1342.26052011533
Ago08,346.546734078097,838.309523809524,14.5780952380952,116.676904761905,306.949957545467,195.679004458,1132.76659779249
Sep08,316.385835669272,829.954545454545,12.2627272727273,104.5575,268.429505866327,194.318157856773,1044.14935782687
Oct08,222.028536963552,806.619565217391,10.4271739130435,76.6208695652174,213.077575153952,143.642803109217,788.881071361835
Nov08,169.153101306319,760.8625,9.9065,57.163,217.75241352095,130.5845220687,707.97046260286
Dic08,139.678841373931,822,10.3326086956522,40.7326086956522,214.974668895365,129.247712854826,653.085903162382
Ene09,147.436593208536,859.193181818182,11.3690909090909,41.5536363636364,233.857014754873,140.186798844273,696.520454385145
Feb09,150.974252917483,943.1625,13.4395,39.0145,219.428845306125,134.65913709255,634.81006089179
Mar09,171.044014517496,924.272727272727,13.1161363636364,47.9404545454545,218.458059776727,138.987856347136,620.420889878473
Abr09,201.636242947804,889.318181818182,12.5109090909091,49.7645454545454,213.476781769968,143.049945106091,723.266535194773
May09,208.314997941576,928.02380952381,14.1407142857143,59.1295238095238,234.000569727167,155.017214779,812.518916439581
Jun09,227.496162752837,945.670454545455,14.6593181818182,69.6413636363636,234.090838366255,153.929900901,791.399395226491
Jul09,237.15682872335,934.228260869565,13.3873913043478,64.2621739130435,196.407113518883,125.019903945391,677.34633732013
Ago09,280.798519395003,949.666666666667,14.4304761904762,71.0447619047619,180.783429222433,124.122503211,730.328485450829
Sep09,281.034495427925,996.590909090909,16.4754545454545,69.3418181818182,161.388396913036,119.554251095045,670.024898873473
Oct09,286.034835910855,1043.15909090909,17.2638636363636,75.7154545454545,176.762299361391,136.160499413591,731.443680920009
Nov09,303.110404301873,1127.03571428571,17.962380952381,77.9561904761905,192.134611172933,140.694666455,794.094570241438
Dic09,316.701154083756,1126.21739130435,17.6360869565217,74.5726086956522,187.664506782139,138.833028600913,789.686237884652
Ene10,334.123702926146,1116.5119047619,17.7454761904762,78.3590476190476,181.426444153733,136.682853181,752.752646977457
Feb10,311.5125010512,1095.4125,15.8515,76.2735,174.087106721885,130.28926011045,751.93063768554
Mar10,338.694467824502,1113.33695652174,17.1545652173913,81.2034782608696,170.894198108048,131.28459245087,807.888752489774
Abr10,351.135650568533,1146.39772727273,18.1577272727273,84.3131818181818,169.242365002486,130.774205508545,818.175539071872
May10,311.742699181257,1204.28571428571,18.4159523809524,73.7566666666667,163.596996126667,132.764773862,784.971631867543
Jun10,294.903082278119,1232.92045454545,18.5343181818182,75.3359090909091,155.146141573468,124.868966343545,760.765161792609
Jul10,306.200625078332,1192.96590909091,17.9331818181818,76.1259090909091,185.284334911932,134.0489290455,775.606280443437
Ago10,331.541490882096,1216.68181818182,18.4927272727273,76.5990909090909,241.4061770652,145.277830791068,826.763546285755
Sep10,350.608349433182,1270.97727272727,20.5779545454545,75.2090909090909,249.402109490132,173.980872065795,857.447884779227
Oct10,376.017278638163,1342.02380952381,23.4685714285714,81.8928571428572,250.1459310294,201.284294967,965.488231797495
Nov10,383.667501845688,1369.88636363636,26.6554545454545,84.2054545454545,255.352085315473,206.826528088091,1044.05916871961
Dic10,416.129588643505,1388.97826086957,29.4141304347826,89.2195652173913,287.351790541443,219.991554690326,1143.3172917692
Ene11,432.670966212625,1358.7380952381,28.5371428571429,89.2828571428571,304.4347630863,238.177979655,1200.32253385234
Feb11,448.191790286464,1372.725,30.94725,88.401,327.087916660925,259.9486280433,1211.16455296125
Mar11,431.065103644142,1424.01086956522,35.9460869565217,102.85652173913,297.827741875604,257.502660864522,1211.53598394648
Abr11,430.585521271791,1479.61904761905,42.7978571428571,109.636666666667,330.553417200533,285.8229489815,1255.72155088231
May11,406.414128534867,1512.60227272727,37.0572727272727,100.885909090909,332.146439967873,276.723086204727,1239.26848088579
Jun11,411.265505158446,1528.65909090909,35.8409090909091,96.2640909090909,303.127259626736,279.783073772045,1217.58301109485
Jul11,437.737701033922,1572.80952380952,38.1195238095238,97.1847619047619,284.2782134031,271.228572188,1223.69153364554
Ago11,408.267649509046,1757.20652173913,40.3517391304348,86.3234782608696,306.554373086104,284.615411117739,1216.28071524165
Sep11,376.48785618166,1771.85227272727,38.2490909090909,85.6015909090909,298.713838961905,264.268399965818,1212.04139150409
Oct11,335.394841556576,1665.21428571429,32.0633333333333,86.3090476190476,272.052181205933,242.470994794,1104.16949292426
Nov11,343.869409996646,1738.97727272727,33.2225,97.1295454545455,266.680004202595,241.273756550591,1113.96574786085
Dic11,343.164280032658,1642.65909090909,30.1188636363636,98.62,264.796889046645,230.751694038409,1105.79862314753
Ene12,364.709402375305,1652.40909090909,30.7963636363636,100.135909090909,274.88888313075,242.642698357023,1124.99888198276
Feb12,382.899462939285,1742.61904761905,34.1666666666667,102.258095238095,270.560561535367,252.425540815,1152.2722588957
Mar12,384.228306963246,1673.77272727273,32.9631818181818,106.157727272727,264.596468808318,250.668455222182,1173.79118901239
Abr12,376.241914861722,1648.25,31.5419047619047,103.319523809524,250.9201734977,247.495134782,1194.52752581737
May12,358.901022037888,1588.03695652174,28.7971739130435,94.48,258.008742713735,243.261620327478,1101.43904726695
Jun12,336.702699569705,1597.58333333333,28.1028571428571,82.3033333333333,268.8327322982,245.151785907,1061.84073858186
Jul12,344.016312072477,1593.90909090909,27.4413636363636,87.8881818181818,314.11279394005,303.511398416864,1143.85842641278
Ago12,340.898828157511,1627.8152173913,28.9134782608696,94.1313043478261,337.834453470835,316.674868961348,1161.14597906016
Sep12,366.853832488155,1744.45,33.6665,94.6125,343.319450712455,300.3404639319,1187.67429892384
Oct12,365.687651423679,1747.01086956522,33.2019565217391,89.4913043478261,343.110371012743,290.537766918,1084.674330024
Nov12,349.775388890927,1721.13636363636,32.7468181818182,86.6231818181818,347.573787813115,288.479880542318,1008.96558498214
Dic12,360.580558150428,1683.58333333333,31.6930952380952,87.88,333.282949970133,281.145624627,1019.73244650166
Ene13,365.022053917626,1670.65217391304,31.1026086956522,94.6665217391304,326.164331549974,278.658822046957,1056.80023182932
Feb13,365.637411137852,1627.5875,30.25925,95.341,310.792081116265,277.4675042328,1089.06152904178
Mar13,346.797829856835,1593.11904761905,28.7666666666667,93.1433333333333,296.486748595333,285.51362693,1076.2967640604
Abr13,328.14140367855,1490.22727272727,25.2525,92.0213636363636,295.937183576745,256.931587669909,1080.73607234015
May13,328.82784760885,1414.91304347826,22.9976086956522,94.4804347826087,304.301823885774,267.584359033174,1084.20464955236
Jun13,317.525434965604,1342.3625,21.11525,95.7725,294.45490889745,270.8142681069,1058.74796798928
Jul13,313.279982902644,1286.72391304348,19.6902173913043,104.551304347826,286.776671596678,255.756764067913,1003.44836437692
Ago13,326.265386853308,1348.47727272727,22.0975,106.572727272727,287.807637659595,231.539059260409,935.782134943655
Sep13,324.738984696022,1348.79761904762,22.5457142857143,106.37,289.571057395433,188.236528431,930.067295004028
Oct13,326.723573419343,1316.1847826087,22.014347826087,100.538260869565,307.676653804709,163.874665987565,839.405270668626
Nov13,320.719508268887,1275.82142857143,20.672619047619,93.8214285714286,300.4585687152,158.279156413,856.233433572952
Dic13,327.596783561628,1220.375,19.6595454545455,97.8972727272727,286.525783218627,159.083564172273,817.774698595145
Ene14,330.901553616597,1242.91304347826,19.8808695652174,94.9908695652174,269.215574373535,157.045128518478,769.288685973278
Feb14,324.282827364647,1300.975,20.86525,100.747,283.895685132745,165.68132683935,834.82444827274
Mar14,301.64054901214,1336.08333333333,20.7159523809524,100.60380952381,320.6151183984,177.625844725,917.532440667514
Abr14,302.662089111389,1299,19.7320454545455,102.132272727273,320.931257464809,184.297145940409,934.639739584982
May14,312.564319914149,1287.42045454545,19.3461363636364,102.003181818182,325.96264053115,179.769795913909,905.027649366755
Jun14,309.401838534308,1279.09523809524,19.892380952381,105.23,300.528556734933,168.008740942,900.703821319581
Jul14,322.657512210145,1310.96739130435,20.9326086956522,102.948260869565,277.898272886865,143.608569838696,862.256663411443
Ago14,317.805717253677,1295.09523809524,19.735619047619,96.5361904761905,264.1216637199,136.420398107,794.640476795457
Sep14,311.718473224892,1238.81818181818,18.4205909090909,93.4231818181818,256.178818798573,120.735298928045,762.458712806782
Oct14,305.606876245828,1222.48913043478,17.1632608695652,84.3969565217391,265.752879060261,119.302947768261,777.407448411687
Nov14,304.489757113077,1176.3,15.99775,75.685,260.32000197301,132.33640968765,761.3664225077
Dic14,292.069116007902,1198.85869565217,16.2702173913043,59.134347826087,274.028201654383,143.129304051391,739.976790416426
Ene15,265.576788929357,1249.45454545455,17.1918181818182,47.5290909090909,246.658857478027,141.672055967591,727.004372640254
Feb15,259.875545138655,1227.1875,16.81575,50.688,234.998992571175,137.29681058625,693.2435834879
Mar15,269.418922519685,1178.62954545455,16.24,47.8236363636364,234.938448957514,138.683647056818,675.686770607245
Abr15,273.904332568387,1197.96363636364,16.3565909090909,54.2109090909091,227.6272856802,136.572076688727,681.328600317182
May15,285.478620716135,1198.19285714286,16.8483333333333,59.2466666666667,224.6090523292,132.708533489,716.50235215
Jun15,264.580947488988,1181.50454545455,16.0745454545455,59.8195454545454,229.364261079036,134.675242290273,754.071125831264
Jul15,247.514018952722,1130.03695652174,15.0763043478261,51.1630434782609,228.977217647774,147.494046042913,703.025398208556
Ago15,232.61296945963,1118.30952380952,14.9411904761905,42.8676190476191,204.71495772,133.720860203,627.582573062667
Sep15,236.65048158356,1124.53181818182,14.7436363636364,45.5040909090909,195.342925622982,135.587870161227,577.410706725636
Oct15,236.597906103789,1159.24545454545,15.8125,46.2236363636364,203.259525036909,140.007852202909,596.059809905373
Nov15,217.720019830367,1085.70238095238,14.4383333333333,42.3852380952381,199.868287353467,137.432724821,588.130326331829
Dic15,210.617730533857,1068.46739130435,14.0991304347826,37.2073913043478,201.706994350157,137.874497026304,656.421593042626
Ene16,203.34222154071,1095.70238095238,14.092619047619,31.8361904761905,196.1064312928,135.258097065,641.062265665752
Feb16,208.589853320883,1199.9119047619,15.1969047619048,30.2752380952381,187.900335979067,136.47663848,664.483756473762
Mar16,224.791999201646,1244.1347826087,15.4565217391304,37.8173913043478,192.5370422864,136.333999852826,685.819756441209
Abr16,221.023684291275,1242.26190476191,16.3602380952381,40.9580952380952,187.742862934667,138.988708474,711.662680584562
May16,213.75592192679,1258.62954545455,16.9170454545455,46.8327272727273,180.962773523,144.857306183864,671.598197744627
Jun16,210.556033903078,1276.40454545455,17.2861363636364,48.7572727272727,177.538927784909,151.746751876364,667.018595298018
Jul16,220.668370264587,1337.32619047619,19.9702380952381,44.8595238095238,142.758063251067,125.678486864,631.487904564495
Ago16,215.239935437002,1340.11739130435,19.5873913043478,44.724347826087,138.5237880572,118.584049087304,714.259388265009
Sep16,214.195597262522,1326.02954545455,19.3261363636364,45.1640909090909,142.131352347091,118.587939231682,718.296113283354
Oct16,214.60643217401,1266.56904761905,17.655,49.8457142857143,149.196961066533,124.909868433,762.222026049095
Nov16,247.250110662107,1235.97954545455,17.3602272727273,45.7090909090909,156.144067343473,125.423700931773,775.235503002464
Dic16,255.905477880885,1148.97045454545,16.4154545454545,51.9722727272727,150.782825968218,128.116847884295,797.371918329727
Ene17,260.545003665625,1191.09318181818,16.8570454545455,52.5540909090909,163.292389177145,132.706829235273,760.043648882366
Feb17,269.475258083762,1234.3575,17.9395,53.4655,170.69290647738,135.80081666445,710.208154515474
Mar17,264.200792328717,1231.09347826087,17.6195652173913,49.3278260869565,167.679123451548,132.208890754957,693.296302676957
Abr17,257.709072005962,1267.48,18.0555,51.1855,148.55482098548,131.86399055445,659.887643171776
May17,254.286347797924,1246.80869565217,16.7686956521739,48.524347826087,159.323923226209,133.407055223217,697.408403132492
Jun17,259.444011276625,1260.25681818182,16.9311363636364,45.1777272727273,168.052369837418,133.977350388955,701.029909700241
Jul17,271.480433354167,1236.22142857143,16.15,46.572380952381,190.804838798,132.952241772,739.293950729584
Ago17,294.504213891011,1282.44565217391,16.9517391304348,48.0369565217391,159.164167963774,125.139720392217,747.865505225588
Sep17,298.335261621833,1314.97857142857,17.4447619047619,49.7028571428571,160.744984322533,119.923222027,758.600145975203
Oct17,308.787644890375,1279.51363636364,16.9413636363636,51.5777272727273,166.582621423018,121.4510854935,733.10716884814
Nov17,309.646893164,1282.28409090909,16.9847727272727,56.6631818181818,170.507517756927,119.930039041909,747.818014343022
Dic17,311.065007491333,1263.90476190476,16.1769047619048,57.8990476190476,168.058732384667,122.079102992,723.693621129264
Ene18,320.780031028815,1330.13695652174,17.12,63.5804347826087,188.07987046447,125.310886744826,722.416491916855
Feb18,317.810628021425,1331.525,16.59,62.2125,202.7334219113,131.35220316015,689.109916024381
Mar18,308.158285477,1324.62045454545,16.4660909090909,62.8222727272727,210.658372168491,133.297353151773,678.302254671363
Abr18,310.407298554833,1334.22142857143,16.648380952381,66.2538095238095,213.4809571916,133.964568486,665.145143214737
May18,309.59848607313,1303.32391304348,16.4927391304348,69.8886956521739,230.910256323235,142.855437887217,658.607044987954
Jun18,315.965965051,1281.56666666667,16.5414285714286,67.8733333333333,222.631890771733,128.078076112,633.377581054192
Jul18,283.52925067775,1238.525,15.7374090909091,71.1272727272727,215.217932590436,123.151078586454,617.36448120108
Ago18,274.550586927674,1201.09130434783,14.9870434782609,68.055652173913,234.856211305374,122.709158185174,625.230975556313
Sep18,274.457970268212,1198.4725,14.285,70.2125,216.10813248234,119.42362004685,632.41804530354
Oct18,282.115718802978,1215.39347826087,14.5967391304348,70.7486956521739,219.711412426557,125.39646992113,656.057350999207
Nov18,281.042224330875,1220.94545454545,14.3610454545455,56.7313636363636,219.877703131545,127.553165964,624.359147519491
Dic18,274.9514949665,1251.43333333333,14.7722857142857,48.92,227.9684772764,132.802267444,620.926712342227
Ene19,269.412667267054,1291.30652173913,15.6193043478261,51.2017391304348,225.2389445068,135.187185290348,626.630431655399
Feb19,285.785305728037,1320.065,15.8146,54.986,216.01627320644,134.38355926485,656.966518197826
Mar19,292.08918668875,1300.89761904762,15.3030476190476,58.1514285714286,212.816071004133,131.583726029,636.716009595849
Abr19,292.131526885625,1285.46818181818,15.0529090909091,63.8695454545455,202.190617099164,129.235264392818,613.857127029957
May19,273.214954612098,1283.65,14.6586086956522,60.7213043478261,196.850434372139,138.148363190478,588.902628874544
Jun19,266.813237862325,1359.0425,15.0361,54.6575,210.83541004568,161.3705022489,614.05353886354
Jul19,269.488101650326,1412.97826086957,15.7708260869565,57.3321739130435,194.198497015722,163.224233847652,618.089915324672
Ago19,258.777024314375,1499.025,17.2239545454546,54.8059090909091,180.244601002327,142.459421189591,628.407636334159
Sep19,261.23518569225,1511.31428571429,18.1706666666667,56.857619047619,175.040037353067,136.176689824,640.379882429302
Oct19,261.146636573063,1494.8,17.6452608695652,53.9630434782609,182.152950228139,145.286000094261,667.559729895809
Nov19,265.802968856333,1470.01666666667,17.1570952380952,57.0790476190476,195.336563075733,140.151009516,685.049736029143
Dic19,276.109407307125,1480.19772727273,17.1926818181818,59.8781818181818,201.689566503345,141.242584028318,724.238573301158
Ene20,273.803342801617,1559.0347826087,17.97,57.7213043478261,209.215491684591,146.775147361956,732.509829398624
Feb20,257.99200024675,1597.1025,17.8803,50.617,200.54717114488,143.35952279565,670.61313222707
Mar20,235.080227254398,1591.92727272727,14.8841363636364,29.2077272727273,202.340932277909,136.679444673545,606.140947895064
Abr20,229.157836563294,1682.72272727273,15.0799545454545,16.8363636363636,206.683370775,120.323721652909,569.614359453291
May20,237.725063518376,1716.6119047619,16.2887619047619,28.7971428571429,200.0957484176,116.736267557,565.181254657105
Jun20,261.024061648713,1732.21818181818,17.7127272727273,38.3072727272727,190.900277006727,121.486874821773,604.738006226518
Jul20,288.889969244938,1843.31304347826,20.5337391304348,40.704347826087,192.457164655183,123.256890513522,653.239268214348
Ago20,295.18720547811,1968.03095238095,27.0029047619048,42.3390476190476,192.278961463633,121.10426986,714.885628893867
Sep20,304.469755464358,1922.21363636364,25.7735,39.6368181818182,209.451675316895,135.051030237136,755.403920416382
Oct20,304.032656806895,1900.275,24.2304545454545,39.3959090909091,232.963474525664,148.937289606955,752.668184162718
Nov20,320.391731501704,1863.49285714286,24.0452380952381,41.3795238095238,238.226096418567,159.15556889225,838.879904076924
Dic20,351.917859003231,1859.64782608696,25.0394782608696,47.0752173913043,243.56287310807,167.494834345239,887.916553666006
Ene21,361.041166970931,1868.13333333333,25.9040952380952,51.8457142857143,269.204543653033,196.803811918,976.89452959122
Feb21,383.750484990309,1808.175,27.2934,59.069,270.46126603237,209.75901619655,1065.41695171958
Mar21,408.458943086612,1718.22826086957,25.6478260869565,62.3330434782609,254.921472267183,209.610315404609,1253.07395009322
Abr21,421.078302554279,1758.43863636364,25.6475909090909,61.7027272727273,275.373232040041,236.507065391267,1354.45500276147
May21,461.376879023019,1851.37380952381,27.5197619047619,65.2238095238095,297.160383285267,268.997704059,1643.77187652845
Jun21,436.012583786,1834.56590909091,26.9954090909091,71.3781818181818,272.525594487141,263.324456432625,1673.76953711846
Jul21,427.900487030073,1807.09318181818,25.7104545454546,72.6163636363636,264.391873008618,250.426867205682,1597.93053453425
Ago21,424.424318988801,1784.62954545455,23.9859090909091,67.7304545454545,296.56767224315,234.983782106659,1534.85325936348
Sep21,422.932618434239,1777.25227272727,23.3006818181818,71.5413636363636,296.346374896664,198.890244543614,1476.3405707567
Oct21,443.811538733549,1776.85476190476,23.4126666666667,81.4766666666667,316.031854030048,199.203401166,1549.14997565348
Nov21,442.954598408887,1820.23409090909,24.1909090909091,79.0722727272727,352.23439343855,217.715431215068,1477.36772447861
Dic21,433.319749994173,1788.02826086957,22.5483478260869,71.8065217391304,389.379488895417,227.694040557717,1406.34794160208
Ene22,443.247223988096,1816.92380952381,23.1479523809524,83.2504761904762,367.130906013667,233.56158237125,1447.70218885511
Feb22,450.932050719019,1856.295,23.54205,91.622,364.1485415189,249.648906711462,1529.30262120081
Mar22,464.369133037125,1947.82826086957,25.3136086956522,108.502608695652,454.967011876565,283.614087952924,1688.30958954256
Abr22,462.304581052218,1936.69523809524,24.5850952380952,102.018571428571,507.819949236838,299.311265623131,1805.84838767772
May22,425.633555273356,1849,21.9128181818182,109.798181818182,532.107381337114,303.717187880432,1961.01182598002
Jun22,411.475287869666,1834.83181818182,21.5555909090909,114.629545454545,459.5719573277,299.556677642727,1776.07404782005
Jul22,341.545335084434,1736.37142857143,19.1124285714286,102.032380952381,372.68620508,267.472183941375,1488.72916604181
Ago22,361.802037639144,1765.02826086957,19.7241304347826,93.6591304347826,374.102891925091,263.720278623033,1585.26744540148
Sep22,350.840296578184,1682.13409090909,18.9120909090909,84.3959090909091,393.679628555977,261.879462303614,1570.11218980755
Oct22,345.692464989787,1664.44523809524,19.4260952380952,87.5547619047619,418.948286123733,258.199552443,1564.47370043333
Nov22,364.232611626193,1726.44772727273,21.0264545454545,84.0777272727273,430.790776019577,251.317136797125,1733.98579775181
Dic22,379.288785659567,1797.54090909091,23.3678636363636,76.5795454545455,382.426867258227,249.61714370417,1515.62794799302
Ene23,406.296087888575,1894.06818181818,23.7526363636364,78.2963636363636,367.228332518409,257.025534656625,1476.82658983487
Feb23,406.201039154537,1853.431,21.92125,76.8065,378.53370650684,258.674082560575,1397.03628475939
Mar23,400.781399189704,1915.33565217391,21.976347826087,73.2778260869565,355.715061218848,246.175727480641,1310.94529393704
Abr23,399.896105812783,2001.641,25.0049,79.509,365.05794835419,252.458816369025,1241.77573841807
May23,374.364581088165,1991.18,24.2218260869565,71.6117391304348,357.380515003365,235.522760773831,1168.03781908842
Jun23,380.392873482034,1941.1,23.4172272727273,70.3190909090909,356.831532655182,241.539939679619,1285.24488392902
Jul23,383.070640061564,1949.20142857143,24.1134761904762,75.7666666666667,347.6086227593,214.47734913325,1544.21741781262
Ago23,378.888668627061,1918.16695652174,23.4700869565217,81.3860869565218,303.173552344828,198.114355247527,1563.20684087768
Sep23,375.159773053998,1919.15476190476,23.1544285714286,89.1902380952381,292.300590165033,177.494617188,1455.9327795688
Oct23,360.136881972864,1916.59090909091,22.3535454545455,85.5118181818182,256.876114211086,179.80531682222,1260.06208061602
Nov23,370.906608191847,1985.71045454545,23.5014545454545,77.5836363636363,261.669498244414,171.784302043057,1183.26104527507
Dic23,381.203351453226,2035.70619047619,23.9664761904762,71.9661904761905,270.197498683,171.630152293425,1148.62413336644
