"DATE","PN01755AM","PN01756AM","PN01757AM","PN01758AM","PN01759AM","PN01760AM","PN01761AM","PN01762AM","PN01763AM","PN01764AM","PN01765AM","PN01766AM","PN01767AM","PN01768AM","PN01769AM","PN01770AM","PN01771AM","PN01772AM","PN01773AM","PN38081AM","PN14206AM","PN01774AM"
Ene03,74.6016412375846,73.8284938472978,76.8683593137974,32.7853813454365,80.9415250205265,82.4075011992604,80.445093511023,69.8166052903977,84.3476024198632,64.6490088822767,77.8904759366522,53.2373476016558,71.4037894649841,75.2681610310308,73.6612366749001,73.2223697356532,78.6308991659921,71.3814368714476,74.9977524598527,n.d.,69.6420511871946,71.8917600542
Feb03,74.7150442124037,72.8095735976965,79.0458668902484,27.5203657646873,73.7896735500048,73.9366077657641,71.9251250773293,66.6300157099937,79.6477425519808,62.0005771469549,72.0715795994682,68.8255570058054,67.6980078798078,73.6122578224529,70.5102473961889,71.079432278923,73.6593735854095,70.2012825341531,75.8793511302686,n.d.,68.3659824181054,68.4801292058893
Mar03,83.1023187432748,84.0419119917507,80.7667030890189,27.3298396557132,78.4012143742259,78.7705384864045,81.2444985551342,70.7903814497278,88.8462963694686,64.3692335922702,79.1707115526162,60.1544492183547,73.3845124015385,75.4923855132763,76.0423599928254,74.3427231053258,79.8009175611007,72.4848854653019,76.0664104869628,75.6478380256947,77.5181528126826,74.4189768962683
Abr03,107.684572648198,127.096624711785,78.7992998857071,131.748153680528,78.2070375012415,78.8410379248643,79.1830385554258,77.9597639163837,120.522512264856,62.8233556213656,75.6704859481735,53.5697830998759,82.5702767351721,82.2128512997815,74.7896615075733,80.6677115046248,93.9125780933108,76.1594786292788,76.6881402309976,76.2113006160763,71.7496340575678,80.2200680600967
May03,126.906591224589,155.136959873481,81.9761854763602,116.353399878554,81.3985762072922,82.9645563661161,80.893904223708,78.5543890562541,113.737557297856,66.0423492965776,77.4153706314935,60.7824445908202,88.6827620324772,81.477216102329,77.4240622696819,83.222645844011,98.6268817534326,77.9794157758605,76.8605892287249,76.5383799822284,75.0392400268188,78.9036456279669
Jun03,122.099522651457,147.772789620839,81.9980478096472,81.2026708752669,82.0466946300576,83.9423502802049,80.3861365781506,75.1857862693653,100.396443641865,66.2202279306105,74.7555651404402,64.7082745084188,81.2003521317337,79.6386230045546,76.5896944130937,80.853774469805,94.5637443622346,76.1872316567688,77.8514251689058,77.1333848762094,76.5206591084712,75.5880985282574
Jul03,95.8281209730365,102.740230430421,81.2918981423447,45.4525390663007,80.7145896659133,82.3323173890006,78.9955827276138,75.9216000373103,97.8739774123788,68.1147698891515,76.4239885848282,60.3535296188839,72.7575069902996,83.3819969386293,75.5971535742438,79.2070171390158,86.1667823737854,76.8380810515145,77.4160368562841,77.3760170846383,75.4865876469385,75.9919046598337
Ago03,74.045065562754,72.1965356932292,78.7854259945311,19.6919097303793,81.2505580369208,83.383005326781,77.1012165079153,73.3844144269464,85.4845048654541,69.0813109763802,76.4279096740042,64.2072507312764,66.6165408334862,76.2453237362532,74.574296844367,74.2120138543618,78.4875512994432,72.7567241131912,78.1299096609216,77.7991238953705,80.5017868712492,70.2759922735169
Sep03,67.5873223620044,63.1929222832601,78.2473317396678,14.7594223783552,82.1062855908903,84.7245366423025,76.1230756800927,71.8940183430643,82.966214109677,67.9564606817571,74.2928766176722,71.1529029555506,65.6984714636781,76.1613014173934,74.6686846185575,73.8678353680876,76.8806845297014,72.8423342391861,78.3473506201243,77.96443237911,74.7388971882004,71.0010958050406
Oct03,69.3722117100031,65.4410410843354,77.5697242859349,71.5434314912398,85.7238232950828,89.2655902500764,78.871505427852,78.4005270841547,109.851642994867,67.215701145264,78.1551494560322,76.3967961949971,68.0578808367233,77.8791582554971,79.4763692565621,77.5989135108107,85.586237442723,74.8802212465454,78.9081423431176,78.4618008747212,73.0324198659638,75.1419139190041
Nov03,70.2380605279511,65.6467708685886,79.7187877282369,108.938867123079,81.202169970958,83.9277285523977,73.3768549734829,74.7432051416064,101.227698510156,65.3246379515613,76.0537724151275,74.7882533529708,66.6247391507822,76.3307940837322,76.3118345797324,75.5725386288336,82.8509682747221,73.0951368678738,75.2093042489586,77.4882657374002,78.7960087810703,74.3982879248333
Dic03,70.1201742560443,65.0765118724103,80.4873613794184,41.9633591119828,81.5237006707884,83.3385522625217,79.6677573797163,70.3058875557381,83.9873180496191,65.4404188994425,78.2933678494862,76.6478899690326,69.7557855211218,83.6651140278766,81.7531428408339,78.0097324133558,78.1128527118246,77.9746327529281,75.7521334867385,76.6231933596049,83.103808188108,73.3849800646594
Ene04,77.0413451542873,77.1154601991877,78.1207918230708,53.0802288221382,84.8079627109277,89.5294857995667,76.01091173072,75.2630939601143,89.7084332778356,70.1259596735087,79.882435984189,59.0900842287207,71.6874608042046,76.5209556675707,75.0310397174295,75.9132669251778,82.8955128231596,73.5366789625689,78.0919804714245,76.3511394023739,72.1201628467048,72.0651145822023
Feb04,77.2943557806866,76.4268333577453,79.929494570645,35.1792482075734,82.7265211746871,87.8560226487605,68.7084139697454,68.078169901146,71.3094963031665,66.9290271024947,76.3760973797697,70.695045699444,69.5255588040283,75.7380406251934,72.2061780670147,74.0974359154403,78.1174873988984,72.7291074285538,78.9393238783818,77.5944792788483,71.011297511027,70.0363047999778
Mar04,85.2176480431153,86.8040467044904,82.0898967768459,47.175421473586,83.8663547163451,88.6559697136424,73.4167553510373,76.3236538128872,87.4256320415594,72.3755047418789,82.796962427885,65.9567432871536,76.5841365209407,79.0698380654387,79.76750524778,78.6354629791467,83.7227773433651,76.903863969793,79.8571770952032,78.9628271483365,81.5301409982886,75.6338669469313
Abr04,104.261159259789,121.257165119673,80.9370021884104,128.643590535406,84.7956861439344,90.2476765050148,71.5335627864306,80.2846660487549,111.142850984279,69.310701618565,79.819428112005,58.2947921853891,85.720270501131,85.8350195631402,78.9647555125249,84.0944721319617,95.1418019945793,80.3342277128909,80.3320593433007,79.7095201056286,73.7776597647181,84.5514570983217
May04,124.687954084564,151.505614609082,83.2393390720516,169.824540008755,81.4239007331606,85.1922173396879,73.9837149598315,84.4481484550951,122.274975632895,70.9959555661269,81.4754465327581,63.4813823861364,93.1392517023295,84.0537633126826,82.6096693805141,86.5105702285255,101.133795567675,81.5331773060582,80.2772246303401,80.155487022948,77.239981962033,83.2724653184862
Jun04,111.326384719346,132.135288175916,80.9183805102417,131.150535615444,82.4493428980755,86.203138946889,76.4456354502735,82.5834937951109,111.020098157535,72.4707057150387,78.1709970266458,69.0811353670267,83.6014376607915,81.428254645748,79.4428166906784,83.2874590103565,95.5274694561459,79.1212549103149,80.1429365509057,80.2507401748488,79.5306842622547,81.0174132990054
Jul04,91.4108217822557,96.753403125035,80.982515149733,99.7125524986147,80.8727865880964,83.616851248634,78.9463476818003,85.7806873831811,122.835837291994,72.6029227834703,79.2790778783011,61.8854826401362,75.4840567757115,84.3204918108426,79.9098413060357,82.1067513163865,91.0578608580909,79.0600096949037,80.5521198262066,80.3240936691508,77.954521052819,74.3663145749366
Ago04,74.3668713762856,72.2420847332332,80.470485896005,24.9126758042531,87.5295230248878,92.2965742397519,82.0329292274396,73.8683600324189,73.7372555816953,73.9149841479296,80.9235503538896,67.4547474511982,71.1691213427733,79.2548500560177,79.8775860612184,77.5146229152149,80.260079904651,76.5801356272722,81.0672958196555,80.5874507322559,83.2372906107241,71.6038186724628
Sep04,68.9664659776674,64.5934241682979,80.3697370941359,24.6616038063277,86.8227882774058,90.2763489200132,88.3969802526671,74.825321406997,73.7228254144598,75.2173973450929,79.6244665807968,75.2143761571227,70.5903057992929,78.8971880826807,79.5571697219734,77.4025938277684,78.5819676576875,77.0011634443996,81.9775661948105,81.1989939468909,78.0604429956463,70.6862008824173
Oct04,70.3612846285754,65.9410470553157,80.5087538562352,59.9011531116999,90.0849197545454,93.3830813423892,96.8939539314487,82.3688430832875,104.388458923278,74.5381012072052,81.9973232541986,61.2161766897545,71.8487460807457,79.9950979919894,83.2921561831059,79.6324551624725,87.0126560359269,77.1204129322558,81.847518289263,81.6307934345763,74.1576501605108,73.8426400137585
Nov04,73.9687711522687,70.3062977094383,82.0366754402872,141.791748474372,87.7099010625599,90.9648570113052,91.6598945146384,85.000568392936,117.387860809798,73.482814004095,81.1284084095246,83.2632420560525,77.3307944200611,81.2912726914381,83.5703487692015,82.7195635167179,91.1204777639931,79.8600950925601,81.5271694080385,81.784084630704,83.4456122242599,79.3274809566635
Dic04,72.3016443842153,67.1546432852943,83.6975270698577,93.1037574793936,92.0824562083228,97.3942400946002,89.2534110843147,80.548177300485,97.0954583537655,74.6635384575175,85.2832992480476,87.6673562148355,78.1121718171442,88.3942824116933,89.4203678838747,85.6503020745209,88.3200989080825,84.7415676773139,82.7227971483994,82.032494948567,88.612139247229,77.3306851055155
Ene05,76.501655351765,74.7388268480279,81.0679024440729,54.8423484685848,91.4082474417138,91.9290639959359,92.6471381708677,77.842082963265,91.2749836193702,73.0649979110371,84.5940525102936,69.6076735900603,76.5817266465466,79.4020407963541,81.3741766171064,79.9791610934839,86.818418015749,77.6512431266671,83.076185978987,82.4420508451416,74.8459647055629,73.1956273116714
Feb05,78.4237178162525,75.818978097879,84.4187768494259,51.4602221538838,87.3218931438176,87.0873363685122,87.7895106275405,75.9938098034058,81.822488011258,73.9209818823327,78.093037578323,73.465116322384,75.2921731964217,82.3941976301343,80.0825466671406,80.1344599066734,83.248575710482,79.0744900571954,84.7443785929493,83.5144539067786,75.181091838251,75.2727311948434
Mar05,85.9578127706022,86.0311663098869,85.594089994545,44.8468581481624,90.892913652851,91.0092017755249,93.9181425357435,78.2110364815498,88.2946587503443,74.6250409884113,86.567657408922,62.3503327507624,79.2428026270199,81.2055458251077,85.4272712472704,81.3964129865707,87.9492105580074,79.1659988680718,82.4383166663078,83.4196270794147,83.824884525315,74.4187591951114
Abr05,110.07950338947,128.267898263122,84.2083044383135,144.512163946759,88.5441161146505,87.5682943751354,95.1331582895093,85.7772221487928,113.898262930598,75.7766565962743,84.692732755225,60.2565245006331,92.7853090366767,84.4754926151892,87.0563694057267,87.0734470255748,99.5600426557571,82.8233112809667,84.5379693056899,83.9068881883157,76.6670617718555,84.6102573872484
May05,125.498206695065,150.009039802385,88.6138947750823,196.737658517228,89.652138212411,88.8630367489441,96.5605542556777,92.6574501608584,131.675314262232,78.7816939008867,87.1267354521121,64.0185939002305,97.5757595678435,88.2605015713804,91.1527382858758,92.1414551036507,108.363272434388,86.6199400548878,85.4047286850945,84.1270048856974,81.683332013803,87.1982982554949
Jun05,121.466882677307,144.762354689025,86.4443172547801,124.021864934438,92.1989274061633,92.1306243653826,98.0652927440505,87.7057599378806,112.92156369009,78.738371414104,82.3805127017482,65.9860345993451,86.5812538433774,85.7821720430614,85.9091761327604,88.4557729993011,103.538215561639,83.3220736188835,85.2863565757417,85.0763515221754,82.6274146030733,81.7268330166644
Jul05,99.2818522636125,104.586669159116,88.6852251122442,83.7547422338143,95.1653309352853,95.6973672932915,101.27492761444,87.8656443251561,119.452795047635,76.6324409075278,83.203288121862,63.7867458477556,77.7130867777446,88.54645234588,85.4788456402854,87.2766006292957,99.9446413895922,82.9647053422131,85.9444109656823,85.5451654088395,81.6079729900293,78.4967193077296
Ago05,76.1606710675312,71.6548267662022,87.2716860951858,27.8197968404813,95.5372204542707,96.42503303809,99.9688347886806,83.1127270358401,82.8659195343535,83.2004981328141,85.7524727768798,72.2653164652512,75.1373894175838,82.9307535301389,86.7835997480336,82.9894831129745,86.8505739307876,81.6752609995989,85.6791195518041,85.636629031076,87.4507543835692,76.3061585247566
Sep05,71.0688479233177,64.9074225165049,86.0698209160661,19.8710369786659,94.9804814969193,97.3738651977569,89.5104821984285,79.9538817323311,78.2012327796998,80.5771687890706,84.2092325584874,81.5947066913988,73.1217440465736,82.8456376280535,84.9718984429187,82.0878665294671,84.3120849536089,81.3307962672244,86.5245707615074,86.0493670929979,83.081382394732,74.8347322098581
Oct05,71.3949551473975,64.1013998470694,87.7501553826157,27.1727319075434,103.906471662891,108.51353341375,96.6880529788141,82.3449844130297,88.9266501688644,80.0043747483057,87.8132067212003,74.4785057033563,76.1182627245767,84.8063994759038,87.7862144612135,84.8027239326644,91.4772825204683,82.5308653033246,87.1234289716052,86.4423730949722,79.9709579543806,79.8119879662829
Nov05,73.2371666077331,65.5575264688601,90.21087907822,225.469505952483,98.3523400473469,102.105640650754,89.0323505037078,97.2169828373926,145.403880456621,80.0804823731068,86.848846601837,98.5579123778339,80.6348758099599,85.9899865626188,91.9523187310927,90.4951176179881,104.181942255898,85.8364528908983,89.0875532678117,87.5785176669748,88.9089152403591,86.1662854262967
Dic05,77.1758958023992,71.1877553271001,89.9446369082671,58.3743186489208,102.589906357505,107.249986202428,93.3178300851329,83.2100110262145,95.1948626686145,78.9478894562127,89.9716308076602,108.504568703511,81.6961768982319,93.9886442922524,93.3711465994574,91.5459266918293,94.0694520443626,90.6869795759876,87.9121131862351,88.0410318085507,98.5305683471785,78.9587915722309
Ene06,79.1106073106516,75.6080895818656,86.8702400071036,64.3497475064274,96.3418337164544,97.1248298795677,96.8871614636345,85.6208265006167,92.8020206507227,83.0670091152387,90.9877795207606,74.7090080884139,81.5666101548408,84.9112442143945,87.8586103007356,85.6590424919578,90.7577249061256,83.9235740728093,89.6057266309361,88.868464361661,81.0216115197202,83.8542546510497
Feb06,80.8804756031766,76.4376397959151,90.2703612499325,50.6247555207737,88.5481351436702,87.6894626354309,88.8465454060811,79.5215050787083,80.3973174855597,79.2100436554138,84.5709120351826,79.4375015435837,81.7911563339325,88.1600875477371,84.6226859215443,84.6285220854951,84.2514566745702,84.7568660495739,89.9481239292913,89.1553212488208,81.0305177515415,82.1276855051998
Mar06,93.2527067185284,92.8899027574847,93.1984794178592,88.7991713605666,98.0354964020467,101.245717074305,86.0242169817164,90.7427479545756,104.435061322153,85.8734090684175,94.1600066916515,77.371207162894,93.8068105129425,88.7882580563407,94.8576135835594,91.2286928400679,97.7348395742846,89.0141575404767,91.6266066789985,90.3934857464086,93.2885344534142,88.4920279976255
Abr06,125.340245325394,147.062896322456,93.1374383873841,91.5307525066642,95.299253721142,95.9051013560729,95.5529403857551,84.2939048271905,102.004337192582,77.9956194540496,88.2829160807015,73.1044388592158,101.000478235819,89.7512903082542,86.4373828094414,91.7780023638019,103.39181771627,87.8249399581057,90.8316629786575,90.8021311956491,80.8166294493786,87.9121114724278
May06,133.505552848634,158.060515798883,96.9215170138142,183.050033865203,95.5734524793221,95.585333740657,99.8051699630675,95.4753781161972,124.046624775977,85.3147077713366,91.7129074698763,77.1575328479512,105.152944550626,93.8268591233813,95.2666127835567,97.7619063414799,111.891534698814,92.9525219169234,90.9746543165763,91.1443079914108,90.2175735609907,96.7898448672716
Jun06,123.872975386863,144.003872434348,95.424927407919,175.130068086398,95.6819952186901,95.4000879596665,101.845730500986,95.376744934773,122.410432515956,85.7628701539772,88.383895877555,80.3068601669121,95.8412981114154,91.3958202934919,91.5495507627936,95.072899809632,109.179889571356,90.2712210165591,91.8803909655891,91.2289027536076,90.8172698817173,92.2136858639759
Jul06,108.230310038515,113.028223713586,98.38425586855,48.9315069736511,97.4360721519219,96.9988249097295,106.851809963363,88.7094370002799,99.0190634543754,85.0430686045955,90.4104673926969,75.7503483656905,89.1826942621439,95.632815475628,90.4271825294502,92.9616001230902,98.829881762289,90.9641787047253,91.5394183789024,91.4648212203559,87.9136303292496,84.9666797124925
Ago06,91.1768381666482,88.8448967363602,96.9767084479957,30.4122689146131,96.4707126027873,95.5530077256568,107.54363645034,92.8172870297091,94.0736146340132,92.3705046129498,92.4808853985778,90.7035922151738,86.2696311280129,91.2417618600034,94.47444967861,91.5547627296281,92.8942921023744,91.0988192653983,93.2506012930156,92.2234702125024,96.0213560525536,89.3470117301474
Sep06,80.1393194331363,73.2370383454144,96.4852282295605,26.4556181259085,94.3164310545477,93.7670726602275,100.313922950603,88.5906003494692,89.0456166048607,88.4287848631645,91.0302973299621,89.05332633428,81.7836215413452,90.1626304791604,92.9811553116557,88.769329600051,88.1100353770555,88.9937374391736,92.6041150857929,92.4647115859036,89.547300129084,82.9851090573919
Oct06,79.7331656954177,72.5549351288905,95.0680593035626,30.7953183655558,97.8701334898428,99.7610889056344,93.6764950606329,92.1295231555212,94.6995403498779,91.2155589241584,94.9502400361069,91.4448938181636,88.0946421325687,93.052738519894,97.8716120626297,92.1822066698177,91.1146358198598,92.5455820175659,93.6013059043123,93.1520074277069,87.5161600483465,91.48664811757
Nov06,82.8619891299387,75.9760740521541,97.1660578716932,158.579796516009,97.7024865624283,98.2426448408161,101.515532473854,95.7404033420242,113.674614782949,89.3625363726144,93.9268230818122,103.138834728747,91.3881888923803,92.9920072443317,97.9844715094181,94.7874212319493,98.7138896952093,93.4509461461829,93.6957748663498,93.3003986188183,97.2883611941612,92.2560001110712
Dic06,83.3930938581847,75.8095372014747,99.1711753200401,149.310505405438,98.767926682284,99.2790264241292,104.158576015311,96.4280354473277,114.96761244385,89.8348849125278,97.7404712649534,116.971820078203,92.1140561782727,101.673437442795,101.995168476391,99.4183587606666,99.3916765729868,99.4274407332843,94.6343467920095,93.9771425208905,106.914633963238,92.4299663254986
Ene07,81.696861743321,73.4905510789791,95.9210465132551,67.6277146336663,91.9775734332781,90.2345058173187,104.284276362631,94.899876915052,96.7427277355518,94.2445117535376,99.6842568691121,78.5600246025602,87.8449983758491,89.4415706999941,94.3903744629051,89.9525619891583,89.6660557675656,90.0500825565752,96.2212189297903,94.8504468627165,88.6800770715633,93.2303106917056
Feb07,86.5137747607959,79.0714530996536,99.4137217964342,59.9509840033653,85.9338533949272,85.4444107740635,90.7749115330797,85.5207469316962,74.0399232262102,89.6036232005544,92.2458533825657,79.3232530904423,92.604465912516,91.2450402428124,92.4230046569447,88.6681022105582,83.283790114684,90.5008064632624,96.3882437927996,95.7479365048665,89.9446080984124,88.8989687916799
Mar07,98.7026684540852,96.0732686042492,103.260277286717,60.9570491636523,100.117057439205,102.022735262138,91.6537401675855,95.448560489916,85.3450200961753,99.0416393807052,103.023485414792,86.8826569294198,102.394108172416,95.2762601983915,99.3991057389392,96.7214346263447,96.1235315127297,96.924948011066,97.9011147424595,96.8368591550165,100.394896867628,95.8545612432049
Abr07,124.187174192444,139.257176774236,98.0660352484909,124.427147404172,94.5048897411314,94.9239420146113,93.6590631992269,94.2829919172804,100.954892948818,91.9102922670962,98.1850708265327,79.4824735256191,90.6469284000698,98.3924121183014,92.4374483053786,96.6364193147801,103.45082591596,94.3169415922301,97.4389948242151,97.2427844531581,89.8776442739718,98.3570111219345
May07,147.303933868245,173.15506852154,102.495632251685,214.052893294855,98.6267584764229,97.6928723360611,104.799169253508,109.471121427474,135.275512122752,100.294416244574,101.289953551188,96.1764971393947,96.3069583456693,99.5908994045542,104.996177979707,104.746678845017,119.678905386891,99.6640694794487,100.481165507531,98.6070916914019,99.9780036530341,107.184472888541
Jun07,132.842107596776,151.794915688194,99.9908203531894,182.293954618569,95.3670007844504,94.3189639955229,101.631628963857,105.06825537386,127.198770361408,97.1980749078804,97.5903028178022,91.049893298407,100.681497965962,97.5789484460256,98.0959173714643,101.254568601752,112.135226882578,97.5510260974517,99.5270646324402,99.1490749880621,100.515157643269,99.2128146919206
Jul07,102.412397015728,103.069744380715,101.273017389369,46.9477440027589,102.600183038438,102.215176464493,104.686896548591,99.8320206497577,94.2607052926088,101.813323720125,100.24111444609,97.4062819509541,107.743709999579,105.003797393805,99.1605365113586,102.545139242961,99.5121456759154,103.577505144078,100.193117848137,100.067115996036,99.2336553880108,100.443853932366
Ago07,86.0904830093681,78.2728798432514,99.6409134144616,33.8809898782354,104.309239083065,105.436494603549,97.4689428426715,98.4908263133588,85.2476770895252,103.200430874667,99.7780114983368,107.832609681154,105.58579753555,100.550557495819,98.907342523765,100.128668441286,94.7248925311096,101.96799775855,100.654544231725,100.124908904101,106.873617966546,102.171396768093
Sep07,82.1014279266745,72.3291818971993,99.0398124955722,28.502680280011,104.309997385165,104.835993007315,100.163249201357,96.6345545918337,82.9947211626223,101.485230261794,97.3971049233476,103.414959648529,101.567787393804,104.264185204397,98.8190506289496,100.240420653565,93.2470111557014,102.6208271195,100.960869812868,100.602843964243,99.6981446844847,97.9004455209146
Oct07,82.5039375274515,73.9093104177704,97.4011518367081,34.7306956004014,108.240486359278,108.640904660465,104.072241963422,103.959692767336,87.6216702667719,109.769913885508,102.846556226519,109.442611421057,107.903921446233,102.172070588221,108.433313528028,103.151330807994,96.534362676588,105.403604713834,102.118054581388,101.244489541994,98.7870541777977,104.457496244386
Nov07,85.9558319240958,78.0920691623946,99.5862363176328,194.681254088659,101.405046631221,101.156884277777,100.286532385187,110.899930627578,116.890584132636,108.769500123792,101.864661163176,112.289752265137,99.4235946945448,103.36583404991,104.642240676234,104.09969689671,103.134370782958,104.428273183229,103.621195803664,102.233373399307,108.447795199832,105.567331689782
Dic07,89.6894019810154,81.4843805318166,103.911335096484,151.946893031655,112.607914233418,113.077116786686,106.519347578884,105.491421994857,113.42779556492,102.669043379766,105.853628880538,158.138986447326,107.296231757807,113.118424157768,108.295487616326,111.854978369874,108.508881597319,112.993917880776,104.494415292983,103.411221892678,117.569344975451,106.721336415472
Ene08,88.8219050553798,82.8101590520546,99.2422051466768,76.9737591073127,93.8298502183998,93.3936342549987,96.2324830513768,103.782448326501,100.264621273508,105.033478127241,106.902697268912,95.0306983495313,99.3692319707031,98.155416081841,105.898702256299,98.5070312090955,93.2603223219684,100.292898283463,105.370946248561,104.495519115069,99.8062498944919,102.183578270808
Feb08,89.4047613484681,83.1135216666528,100.309513871509,63.1167277577903,101.559243615617,102.589855993924,95.8808955937974,101.345352974846,93.0601766991921,104.291774805451,103.326063765135,99.4751180072858,105.242434605451,99.9392218352139,107.111742335273,100.672159768895,96.1336485199844,102.216971570053,107.311402343802,105.725587961782,101.4022748306,102.590252600713
Mar08,102.467292634259,101.042156530619,104.93752598878,69.0101611791465,103.510492571767,106.297544212538,88.1557348357335,105.57972433543,105.956033169816,105.445899232887,110.112967661612,101.195507679383,110.009462765176,102.508910040995,106.684590675946,104.083131031768,102.67787240237,104.561450902606,107.283836178572,106.655394923645,110.58668093048,106.885660416867
Abr08,135.415243920969,153.888551644838,103.395085248473,196.119748696899,101.967771022932,102.566446603291,98.6692743779166,113.487487934676,123.872178696408,109.794424740068,106.773234244023,113.168957947603,108.213870110524,106.264756475556,111.4382715707,110.233179015429,116.306146819294,108.166071143059,109.151689358578,107.915642626984,105.809926695877,115.573245411912
May08,154.888590718712,182.205565737332,107.539517839449,135.417281922457,105.925120838976,107.528803829031,97.0895711972341,114.608804891524,126.082813178584,110.528352360793,107.800828985228,112.968112216209,105.676303725718,106.974004573492,115.827329578815,112.075729562747,121.727689386359,108.79040963688,108.053696315051,108.163073950734,113.508367468737,115.622377812173
Jun08,151.02307490787,175.737097883859,108.185753722069,187.327642363065,106.57819318123,107.554875036933,101.197381343414,115.974407027942,136.779666123813,108.575521650983,105.624591734982,111.372304261059,112.846872396138,105.207131976548,111.767487143625,112.166659126852,124.525850788721,107.959855599239,109.947246829605,109.050877501078,117.562946968672,118.9190835987
Jul08,115.726704935308,118.707393592838,110.560230231194,45.9195565163237,108.946804280578,108.869521931973,109.372745646284,109.592974691441,100.296694434305,112.898971109832,107.38375760878,117.612936347801,119.822708921452,112.381955858249,115.077935142359,112.297861122773,107.228021816957,114.023525588512,110.020296278551,109.340413141069,112.813956796599,116.519189818727
Ago08,95.6602120953774,89.8837169805739,105.672747781314,38.0709267359996,111.209771985233,112.335505332179,105.008422874417,103.391716793151,76.9033090769267,112.81167602593,108.508987432626,122.12942807321,119.399203386938,108.323047241963,113.201709738585,108.887385132012,99.5722375740624,112.058061392979,109.663254693036,109.876932600397,120.180454635532,110.222991801546
Sep08,88.108402807718,78.0162078681869,105.601357417542,34.179987550719,109.146064654731,109.152317087395,109.111885288528,107.261384530406,90.0954393732133,113.366036244667,106.938201369157,129.658605769528,117.156906993364,112.54706797827,116.700287390118,110.738317611327,98.7691200749436,114.812375510607,110.711026689321,110.131525886969,114.420149181311,116.75775229216
Oct08,89.4190655059891,80.3772384523551,105.091417989711,42.0674847710135,111.921583389175,109.439948879835,125.593946991974,110.496813552297,101.410840388813,113.72801935776,110.605143304239,133.880116818035,116.11730288234,110.537485277518,121.741347083023,111.65231586614,102.806591512826,114.663210545329,110.397700938094,110.25732744015,108.435223454196,119.607536060191
Nov08,93.0366022115763,83.2840419748526,109.940897609014,173.712226212155,114.826140485883,112.724418238037,126.405507544836,109.468668980787,122.060007506049,104.990865072572,106.419128365596,121.928950056447,104.051470508914,110.408109083372,116.002419197918,110.655053597918,112.656143183003,109.973925660435,110.444128732662,110.517618786692,115.167853139119,112.027494435729
Dic08,96.3762513090461,87.7086775702711,111.399935761633,174.935074383023,115.729983477599,113.239223465406,129.452519956807,108.337441723081,127.948854808423,101.363118700713,109.072301390758,143.381053908129,113.685954031227,121.621008719827,120.462020166095,117.46015281545,114.992201640319,118.300190416093,109.337569679639,110.059799783465,123.846277100625,119.05672915076
Ene09,86.3366813435528,75.5945908253247,104.956188030755,66.6787747431288,109.01627690444,105.275710300549,129.623339551572,104.191101697598,101.949818005476,104.988159838468,110.616446117432,94.6373907803278,98.7963580294324,103.835534642029,109.86187638614,102.953128300011,101.248831047472,103.53323449872,110.453569853304,110.078422755202,103.504610793899,107.174357475246
Feb09,94.6621203705449,86.8721888522431,108.16458813821,54.1382102798815,98.1730905702067,95.885739795514,110.77431691547,95.6874627005214,89.6020728458242,97.851583887455,101.957299605655,102.430072781144,101.135836090118,105.090558388794,106.017013395352,101.029868827067,94.603126266505,103.217394032154,109.845978176578,109.879039236507,104.245751817567,100.198457254577
Mar09,109.938720180867,108.068643007517,113.180180435921,41.049125176333,106.655789753587,102.985489870168,126.876453832032,99.7926443017177,96.0543401851984,101.122081418309,112.359782037762,115.51983112583,107.301284466875,109.388918927811,110.105335626357,107.149815903009,103.707297492288,108.321575269665,108.586840438402,109.628796156095,117.069586525456,105.177842890078
Abr09,139.346127797715,156.555756906813,109.516330755899,135.412375340927,103.865122561872,101.964766308491,114.334494238227,96.9338296755708,104.867559841727,94.1123911229133,107.596753226003,113.73060527483,105.181027593785,111.506224728227,106.680787332784,108.842531811151,113.291227219883,107.328291393918,109.385260717378,109.272693110786,106.618352373409,111.602768996006
May09,165.598790240406,195.878085346689,113.115066350958,264.358035626956,107.807708170216,105.519836109481,120.411788825016,109.944686019571,151.53383122382,95.1545160498512,110.143932804688,109.555205641037,104.031886651139,111.356264156754,112.452858636866,114.214279327539,133.406577013841,107.68163319512,110.761484378451,109.577861844744,113.121498357925,110.983239877916
Jun09,141.015830719232,156.461294329377,114.243899567955,131.227871985534,104.85325999058,102.803748032113,116.144643921381,99.6376857721148,113.898973950437,94.5660048056354,104.503424997982,110.741453040298,110.614091323291,109.709490705414,104.078304496785,108.963968421383,115.66133711458,106.684327890264,106.963507571515,109.036750889115,115.014391253828,107.264696129565
Jul09,117.144799711317,118.668993583718,114.502898657333,47.0170838536473,107.905483509298,103.884019220713,130.061117484137,94.3357118423153,77.4820590078866,100.329304372473,105.4067652131,127.355094235761,116.649828913243,116.24389887525,108.334471883729,110.735969953804,103.111467025667,113.331187075757,108.569526608771,108.764839519579,114.846844543967,108.570021032643
Ago09,98.8377279833584,89.4153012637136,115.169835065361,38.9517941955542,113.639259237403,110.715010646709,129.750606498448,95.8252468975795,80.9353087132622,101.120491979033,108.616672321006,128.24981747565,118.633478236055,112.921711932362,109.888771455638,109.851422203959,102.4058202258,112.385745282996,110.570224916983,108.701086365756,123.735563849226,108.721639707475
Sep09,90.2283724790852,77.0848896362688,113.010187943089,35.5874988846837,108.514596873701,104.900560204645,128.425704140289,99.2164552663473,79.4970482667433,106.229183702911,107.900185004967,131.03518226174,117.072707469259,116.866568642226,115.066072333927,111.002193583868,97.1427448714556,115.719652405551,110.875079740419,110.004943755391,116.536920240703,109.797347544091
Oct09,90.8049535777778,79.2485674980302,110.835844200864,40.1725486517016,112.932620470835,109.661287310295,130.955679765589,102.83296582201,79.0917597741021,111.275949466185,110.643643075239,143.460700897181,118.872873378834,114.849277396968,122.858850804017,113.063804216887,99.8400464519498,117.564887486392,112.020154167556,111.155152941653,109.521450881935,114.091876667931
Nov09,96.0997046050244,86.6578547096541,112.465438320821,178.671843074865,112.006662298723,108.880453583607,129.230235205559,108.13907533693,109.470053234479,107.665745355417,110.308812838096,134.848088812399,108.574382746584,115.411808274697,119.738751074926,113.604308542265,109.778119933233,114.906661008199,113.071308413307,111.988847440427,122.024520521131,114.954652436544
Dic09,96.9375315023601,85.9587946107838,115.967204263826,155.322853607493,110.164294952029,106.012876258136,133.035895101416,109.256900289048,111.219458320503,108.558964163694,115.426283670848,185.770461128243,118.495026631373,128.304558782638,125.601695113825,122.371417320469,108.551974931953,127.075258848311,113.732027581046,112.941163387303,138.273854549449,121.136602596491
Ene10,93.6323560879539,84.8915125572811,108.783059763727,78.7356143495879,108.76301340257,104.151824236819,134.166563492465,102.032448719851,88.3331253279681,106.904280550994,115.882912497752,98.3469695197052,104.42787889394,108.961652640075,113.512633042019,106.143682842766,100.84740168793,107.946423252895,114.175302411735,113.659546135363,109.989844314236,112.534456996226
Feb10,94.6424817019643,83.8412558338162,113.364490132916,51.9944594631623,101.311138520077,96.662213324374,126.922906669675,98.7081689488913,81.239872958512,104.920344397803,107.789748394405,114.821982299321,110.253873735935,110.006461542868,114.820303921077,106.178126012094,94.8830603638218,110.022723888213,115.436445727686,114.447925240156,113.902210957541,107.714900501662
Mar10,113.529616950462,112.140440173657,115.937522811228,51.2279844385663,104.937221725937,99.1954757158283,136.570085255723,111.471742043836,95.2144628322037,117.253248771237,120.494560041152,132.367338826541,120.493539032685,116.744704867435,130.278811088511,115.867838864038,103.732635912535,119.998401442996,116.907123800473,115.506290646631,129.825040751693,121.952484498584
Abr10,145.371431713401,163.938565860807,113.188643117952,40.5536539284244,104.158259146922,99.1118284779614,131.960243072212,107.527180497486,92.2413698230036,112.963208020779,115.328695730233,137.812751252513,119.394519488751,120.047754179258,121.816463110458,117.527218063719,109.955292940791,120.104538829463,118.034817191054,116.792795573071,120.516300685868,124.46299948456
May10,163.610881250517,187.887006084136,121.532580037066,173.780659832157,107.590445989036,102.263488441991,136.937678064651,120.087519332431,128.951055408123,116.935417877871,117.670718755937,132.43624854837,118.686402597461,121.357658937081,127.604426955606,122.828225748485,126.325140328764,121.637951093431,119.058735278946,118.000225423491,128.699386440605,132.603587164674
Jun10,145.737011322772,162.129697071258,117.323240525815,178.131685140175,114.98565340642,110.324396402983,140.665914262299,119.295819927874,127.263935752708,116.462152950375,114.888823476183,142.383517657442,126.293827756283,119.526297607236,123.510263876175,122.939504355914,126.144941129149,121.84844248924,120.961579785814,119.351710751938,131.878135495593,125.632037737921
Jul10,120.084189050257,120.864504972527,118.731667917138,65.5008998521785,110.057122784018,102.835908402253,149.841153570422,111.598965546156,96.8020515541347,116.86112883166,116.0545075006,140.319608977164,131.268312036503,126.390514682736,125.251470597724,121.710943749251,108.85344548845,126.08736014602,119.777371336378,119.932562133713,127.120335718901,128.248670268905
Ago10,97.2377440739553,85.6850150346718,117.262349334873,34.4331129144544,108.484929602082,99.8501425618587,156.057477977114,109.72521866176,72.3021607752649,123.033820803248,116.843421950666,151.807823018458,133.810931130377,122.943982782365,128.535159360644,119.43420251701,97.5114742747954,126.896228596659,120.182912650004,120.307287924065,140.199761125295,127.002617016327
Sep10,92.5365826038996,78.5312443098283,116.812268864708,41.1160872836066,106.333805930191,97.9266108885951,152.651894244871,112.612707654864,79.2977770992689,124.460354030541,114.619210975147,168.495963198139,134.463099411037,126.967692858564,133.718436921044,122.174733190608,96.5793009882545,130.886868856554,121.963228237782,120.641170741388,135.749759680052,129.435088492186
Oct10,94.6023022413215,82.810789167549,115.040741836297,38.1951348333274,113.095568924355,104.981024047095,157.801374390836,118.285872215278,90.7764732901457,128.068922188278,120.040687726409,165.987487529112,132.670936697577,124.99806158152,139.581426237838,123.721829305094,102.760612951823,130.85657737847,122.860489612114,121.6688768333,124.123461898371,133.647991949988
Nov10,101.842976234789,90.9687249733565,120.691520213815,78.7273736618648,109.535857834783,101.786719738087,152.228576299479,119.989106064313,96.898881034307,128.200584111185,118.825502935836,172.291734246998,124.038217289909,125.795543554139,136.044724598903,123.649082243213,104.674767259352,130.107531743143,123.112921408451,122.645546419449,140.216366323942,132.36778820738
Dic10,106.896925870409,97.5867220323747,123.034494133849,71.0262881280601,113.240350642339,105.195745019616,157.560703645176,115.191247353922,89.2118528855903,124.430188380721,122.584274174708,207.444076273575,134.932005564987,139.77306531547,137.846784811032,131.939415170008,106.420293514091,140.625576364101,121.924338387988,122.632583136184,148.557720524606,136.798473446383
Ene11,100.060108244216,88.9257863444565,119.359479895616,113.355815282283,108.81803045602,100.260240308339,155.964430142642,117.656957530695,102.627807160909,123.001710046717,124.604940390073,110.874418650829,117.071047820295,119.270889097691,125.801597019266,116.294670807701,105.836236355985,119.854497384429,124.641724720797,123.226328172412,120.328432804316,128.301755858668
Feb11,100.767233955172,88.7935885421341,121.521423038386,78.0137068727756,97.9121379589867,90.0177997427637,141.403782143841,110.652121297342,91.605196603096,117.425697725635,116.016643728675,121.391130637303,123.653068087007,120.264312842215,125.21968551559,114.732224852548,96.9271902826244,120.792676400452,124.66891575938,123.744992956055,123.141574278584,121.676856202487
Mar11,114.171270408742,109.970008402193,121.453423613928,75.6135259856873,108.094529777157,100.485364313708,150.015546760746,124.561822371706,105.299846419974,131.411876559636,128.579606550252,136.073534591314,132.721131858465,126.594140469928,140.406072535414,124.771190972477,108.099363127443,130.445923277716,125.672344106133,124.994328195437,139.759713027882,132.89848410524
Abr11,155.231764737007,174.270723998803,122.231153019109,246.6145684359,97.7391261103519,88.4824733806813,148.736427067552,123.009501054195,136.345950467522,118.266716545233,123.107620862633,131.594770387034,131.053996033623,128.864156122526,130.114859831523,126.239954346196,122.170794858319,127.625008883446,127.158622213672,125.833294026395,126.735923855134,139.371947378888
May11,164.137558603306,184.960565922946,128.044619636327,174.422568640972,108.198936089326,99.4016587711611,156.665103541149,127.570228827643,131.742420567576,126.08649010984,127.207547893657,132.877653191294,129.448857317858,130.562907066079,136.63148083732,129.635868869519,127.287864448222,130.435079170046,125.675893096514,126.168953138773,139.417550278035,138.51207211185
Jun11,149.932221887525,163.021468856458,127.24437251895,122.18394724817,108.04853536946,100.242551613623,151.054024141987,123.457678434291,119.699853351956,124.794057708528,123.687701855473,132.567743300377,136.943315703866,127.577196010873,128.547429670129,126.608696846065,120.288932976473,128.759808801251,124.99055065014,125.941688653442,141.89708272585,133.578206413638
Jul11,136.009457994374,142.254208861979,125.185317591086,93.4850857374192,107.534769309538,98.4660854570527,157.497065660627,121.925739791113,112.777938772463,125.178933172477,125.01705700166,146.41506732763,142.188765338268,134.191987669457,130.148365473658,129.091088415566,114.710363648047,133.985978416202,127.522262871758,126.062902206137,136.433279242466,134.586644961103
Ago11,104.118615928762,94.2126735450566,121.288811766068,54.2828689308932,110.689532520763,102.362344088719,156.567432676887,121.731654649032,96.5333054709339,130.692835877214,126.660386664336,151.093794748189,144.475503442988,130.922369827417,137.001718182912,127.173297115702,105.08725539183,134.690911598665,127.525782056785,126.679531859561,145.799471938775,134.640542984144
Sep11,95.7483757327049,81.4782316454949,120.483053259801,51.9873169058426,109.639053252361,101.965133027235,151.917312751519,119.035342621292,90.8415979608067,129.061763543472,123.858234101527,159.372816119825,146.189810179494,134.856121739982,138.165088411315,128.166470335783,101.488768958817,137.246987195755,127.894567640213,127.647537522919,139.821914641998,137.289934352114
Oct11,100.629464100496,88.6288315016166,121.430372394097,51.5724116261657,111.024057119705,102.662643617095,157.08993283689,120.224654367069,92.1181506396898,130.220050169049,128.395095019978,180.262684300871,143.544587898559,132.393528634065,143.27940773797,129.234695799216,103.624246706646,137.951942892225,127.899879906014,127.773409867671,130.992338782908,136.649313323647
Nov11,108.374702291721,97.2587916530235,127.642117857975,109.154793016747,110.060970006463,102.852604793197,149.774404333957,123.679865453118,101.439354163584,131.589163433882,126.655519662756,174.670259565468,132.415719568008,133.857379273431,141.59534171963,129.511007695128,108.167210620584,136.775978033185,128.993231857719,128.262559801315,144.45785975002,142.775400310686
Dic11,104.170943704256,91.3017803836375,126.477332443252,261.548244372693,117.783423984289,111.137688947146,154.396981738926,128.345834944212,139.384590050516,124.420169642016,131.706879929698,250.200756867025,144.316029618095,149.611687825029,142.679113409015,143.3587919335,122.458333535746,150.472859303105,132.417404423776,129.770172062503,164.934949633773,147.085456436836
Ene12,105.893559118218,95.2403031258883,124.359089810813,83.6751591404055,105.83176589878,99.7094149372386,139.56071741163,123.960824416697,126.053247314607,123.216705003887,131.543603218233,126.214905857732,126.145504431507,127.761676442158,133.315825880686,122.637147679688,108.651534818816,127.397550069147,130.9867914299,130.799142570465,131.553389291152,130.975553942595
Feb12,106.122847672171,92.6405450623355,129.492025185372,54.1677289930964,101.034464973927,93.1431193820238,144.509608927743,116.792636730478,108.854447648852,119.615660988188,124.214756640674,138.153702447249,135.765505271058,129.692971860222,134.389681711115,122.828188249174,102.199369699206,129.84979524587,130.799642592743,131.40127948214,133.814514880045,129.40344487562
Mar12,119.687975592088,113.156233365095,131.009600609788,49.6062311833471,114.607553879497,107.413930097718,154.239225993825,119.004590062473,113.364760348184,121.010258600861,135.663345105892,163.569666167313,142.380495899394,138.240263088118,144.311924850467,132.081142108456,113.695958488374,138.339063939007,133.32823057938,131.704888200674,155.341823957789,140.520182211239
Abr12,156.199504135673,171.774894366362,129.202370564351,66.7476941727521,103.032392117882,96.0407563119314,141.551063238969,115.04702359044,115.154548796048,115.0087848611,129.169801745284,150.968745896048,138.986749210604,139.10962340137,132.200586054431,130.289357864203,116.53567568656,134.970816027934,131.334591699368,131.82082162383,138.622925531072,144.943096003681
May12,189.333180125166,220.378040420974,135.522489155276,181.052291251887,111.139364488636,103.635677070981,152.478780743202,137.897979782074,169.573049232354,126.633510203016,133.702838546547,159.84720201432,137.607663005361,135.626791831768,149.75967059426,138.603363776422,141.518195578855,137.611217603408,134.788497626421,133.15043996839,154.570408576247,153.449232431273
Jun12,172.260935605213,196.001002115656,131.111796937067,161.853365040588,112.18073929304,105.063810540513,151.390021082208,131.270184732389,162.768648403445,120.068520711838,129.218699374483,162.007256230892,146.471380415123,134.546457537178,139.104514172151,136.148203072553,136.375498138517,136.070836711429,135.154500600123,133.759196641971,154.692439680133,144.382076411151
Jul12,140.353395815877,143.444075861816,134.996274197753,109.451463706076,113.394963492098,105.190347982763,158.596854461183,130.659364044677,145.053536568187,125.540425986425,131.80827153229,172.569816693683,151.708085986532,142.96301381964,142.495330434114,138.452942915941,125.016142890224,143.026541197648,135.674699830046,135.205899352197,149.174579935669,150.751805304344
Ago12,110.751313170474,98.887750175656,131.314695472708,40.8719514725137,113.076720197853,104.222722232899,161.857001911448,124.29647471668,102.90320283817,131.904472566543,133.327638181326,186.678916943584,153.74132785948,142.37385562728,146.574189585111,136.155476208487,108.691404924264,145.50365650393,136.388686501429,135.739295643866,160.947958853343,149.631438453603
Sep12,102.083918825611,87.2182021900666,127.85091048831,48.6511808107008,112.939515083611,104.030222506955,162.023829602103,121.064000649021,104.756918679126,126.863218518502,128.628544068147,190.277222270334,154.468723224996,146.187239980394,147.509540335416,136.812368768087,107.120333028904,146.918900336407,137.246675687498,136.436687339658,151.22939207968,146.944913702541
Oct12,107.493747207834,95.7953325110992,127.770811775653,51.7750056206916,110.219921082785,99.5314406191645,169.106323797256,126.717764187136,103.126736943341,135.107340385023,133.108345292118,210.474831757897,151.796641348517,144.328670588462,159.229723398473,138.819381759096,106.666826095199,149.763421489943,136.797844686844,136.81106895859,143.980003544795,152.453964445931
Nov12,112.05664257613,102.36740318638,128.851177472075,49.8065539504765,109.968760767533,102.477910386607,151.238493284547,126.993862164444,107.10718755787,134.066075265224,133.624297462235,202.720772193676,140.487415792966,144.868188870098,154.611423409102,137.366173641247,108.218783917635,147.287319397753,136.768754731369,136.93775836857,159.252858753475,149.976507084674
Dic12,118.878924097662,109.852803026409,134.524084925245,102.352845981632,116.567051040259,107.956013281326,164.008055820271,125.293523978774,126.451777718284,124.881619151414,137.572827969458,254.21052166085,154.814170911975,160.582277610192,148.195907942343,148.284668407683,118.38294907461,158.462571770097,136.996702010704,136.854433809639,183.043680865921,156.535121600895
Ene13,112.781940845581,101.940521808466,131.573619533322,103.621578718714,103.416562331064,92.3309590060787,164.489375621881,129.235361724027,125.0106291643,130.757717109511,139.374053185097,148.374677925547,132.836460587421,137.671111252986,147.867188223142,130.552483799999,109.307701068338,137.783751781275,139.438178459581,137.734545067218,142.958708664628,151.215040412049
Feb13,113.162361000491,100.403849836014,135.276976379184,58.8555953567578,100.975041960361,91.0429486991538,155.693219367381,115.901472804089,96.2452863761167,122.910786962122,128.901832102553,155.018297336072,143.506940492991,139.244594795049,142.499286237802,129.075053078709,101.804632758838,138.357318742981,139.942487545967,138.792456005417,142.87501375889,143.730906083371
Mar13,129.047771061562,123.833688577607,138.084814723197,52.5298829578848,112.820424060018,102.923204428218,167.346992034277,119.163764292614,112.090770194767,121.683465382231,140.963078738155,173.243900229514,148.563627858157,145.956384910816,146.750160715387,136.712199218547,114.752553241749,144.186791302536,140.466911604369,139.949192536639,160.950098452245,147.483537084588
Abr13,156.922073417487,171.445598700385,131.748159877792,56.7806384745003,110.65586813777,101.084991290641,163.384290204471,124.304847684528,107.412157446281,130.34931417982,136.876582644184,199.681485366821,149.540702237761,149.577919477824,148.130308568708,141.78263386766,119.403454980983,149.400025948083,140.407506005924,140.272301718753,155.220812497369,159.107236274765
May13,185.662614340804,212.366425451678,139.376028418942,141.029543283329,116.313959728255,106.227523924741,171.882420374668,138.262690263779,166.252545411331,128.330690500314,141.053611888247,175.403852303215,146.67640057173,144.421749674405,155.968179492677,144.514999763222,141.848660402418,145.422564443479,141.042699575351,140.639039061881,163.921786543888,161.128113977569
Jun13,174.503189409621,195.667709659382,137.818300277973,170.549592978432,122.342969405331,114.195165893604,167.231646529321,140.320506518248,186.82689438482,123.721550304669,136.913898033499,169.89750420533,153.726422654279,142.930404806126,144.326637974841,144.11929695215,147.005433999961,143.13691785762,143.510038440247,141.653414673841,161.378819723591,155.727053852851
Jul13,137.776133847507,134.270543915364,143.851623476433,88.8239146545757,120.673857602251,112.598013251063,165.166320538979,131.742543151315,134.654501644301,130.757183803186,140.44324363259,208.043262709699,158.539643511575,151.92959332155,147.981124813129,145.808779566297,126.150028375987,152.500196458149,143.107986071009,142.553574695536,160.822655023993,162.193386695183
Ago13,111.581252363213,99.1157404558128,133.188005660986,60.7156158071618,124.504897756685,115.758328365568,172.693390631939,126.434875490658,113.100446442355,131.154141829738,139.947093919042,200.945379593231,162.330402123276,151.244594218236,150.131976345158,143.650211792264,117.664591608271,152.495159071017,144.276380339072,143.631468283443,169.253608471127,154.022602948743
Sep13,105.833867202755,90.1461240995854,133.025149980172,61.3380973677179,115.09280802318,106.510648477295,162.374851147553,129.230501665217,113.722394643621,134.742594595616,136.237907468953,188.266944945506,163.089193130934,155.440144204006,151.563875274897,143.465237845224,111.117972162258,154.475552686732,143.447244679524,143.610537029868,155.863879180517,155.662933631545
Oct13,114.024913443971,100.666271528581,137.179740337808,63.2745623275713,117.683701328563,110.673326435865,156.306305350647,134.436192629465,117.869307850044,140.312270358485,142.402927569124,223.695488867509,161.400465079899,153.741598883939,165.143169326413,147.437731811335,115.271073642363,158.386571732172,145.008877156474,144.24416739169,154.528241116558,161.912124842139
Nov13,120.456361123853,110.009911495924,138.563419969772,192.310725507511,118.963750305586,110.368843297347,166.316099016985,142.792956173725,168.217183823153,133.649749932965,139.889206265436,208.260032530239,149.917687619391,153.32303258934,155.200962393242,147.360542003598,129.855206094394,153.318982561008,147.00542133355,145.153847723183,170.655771979365,160.512754998686
Dic13,120.952637055449,109.030911097877,141.615809300757,191.190454118676,125.148960298008,117.026877131855,169.896179515892,140.849476813226,173.376603397862,129.234356301231,144.647244228359,266.082375658707,165.851715421371,170.192460488902,153.290591877048,158.708386447396,134.315993497623,167.011033377342,145.71648560251,145.910261364178,194.369117356362,165.276490177112
Ene14,115.94475941536,104.987742907824,134.936384711749,84.8781689974087,109.276826539725,99.9818932722986,160.484336241576,128.845333335983,129.672343029711,128.552311311835,146.328796447542,154.446722692449,139.048306950315,147.152711812924,149.227006256576,136.074263712718,113.613099985007,143.719561673065,145.304992733964,146.008966556675,150.058394723482,155.63263497512
Feb14,112.198493631224,99.8508258029056,133.600664296573,68.3597437235683,108.627729585673,99.5511584585641,158.632571197536,120.412865542508,112.021856123797,123.397915621713,136.799008611327,167.978743426959,151.057808909739,147.985738490364,143.156235333146,135.797371695595,108.873038580384,144.961836704835,147.020255008332,146.013911114935,148.401356696219,145.023267196773
Mar14,131.056469534465,122.922592767564,145.154453526817,51.5399790689697,114.590893981992,102.145175701268,183.157879519486,127.520180287374,122.40454638101,129.339274245365,149.598700254897,177.979972685957,156.821602161726,155.902923237689,155.543115700434,144.111915929233,117.956415707933,153.014686725879,145.958577773059,146.094608505118,166.799119381719,157.582702458244
Abr14,165.89963425854,180.394591293289,140.775239949285,89.5984194077112,105.365847117504,93.0678639442114,173.118680096629,126.459617360991,136.314183671412,122.9343298524,143.539039856452,189.581987020922,154.798746510954,158.618673113407,151.469664014705,145.925352801383,124.409963345846,153.248729502366,146.437612045345,146.472148275579,157.860121141774,162.458966439076
May14,186.709773716516,211.610494515562,143.548850292344,126.638240502252,113.989437123306,103.206815268451,173.393385820752,135.352546883805,153.662428025199,128.918174642724,148.076757720978,185.275837007331,152.872996502976,153.012091402295,157.88299991988,148.260222063892,138.213160266851,151.680026219882,145.581159463111,145.992449760505,166.830199026038,163.933632996475
Jun14,169.053498598515,183.848900999527,143.408326348878,119.191556096079,114.929588596335,106.231982449043,162.847289729136,127.32140683429,142.345660532618,122.049571855374,143.45289713553,176.277987120896,162.211512618585,151.513657145569,144.04479547179,144.668114528524,132.448326399286,148.827468086197,144.114406879532,145.377726129329,168.064607530511,156.467522185185
Jul14,140.474060563232,137.537302404467,145.56441400481,94.692763159337,118.243363161698,107.663581628893,176.530771473886,124.812732279232,134.370712148341,121.434270001755,146.479454012427,203.084014373892,165.220015923531,160.078996618042,146.131644266122,147.922643157663,125.532481924719,155.543773392998,145.855380943789,145.183649095477,162.461883605707,163.111778037825
Ago14,117.079825468846,103.03040945475,141.430820389042,44.3550222567908,119.545349290282,110.611020132979,168.768241832947,122.288939354759,108.28119283908,127.254516659983,145.850248751694,194.125518943851,167.572307599107,159.237852597356,148.685249674562,145.595315365279,114.854054067578,156.058980790052,146.268045319806,145.412611047709,169.291966788161,159.092410811184
Sep14,107.719572679614,90.8580736311191,136.945461882963,39.820959321175,111.563878696516,101.443351579985,167.321254144252,125.866121049988,105.481788566359,133.121764485219,142.916167965852,203.036492840661,170.472165565018,164.051790007449,153.108410287509,147.301851243689,107.533305720089,160.838210430744,146.77913459946,146.300853621018,162.691885087775,160.532770396372
Oct14,113.366234534248,98.1455797773739,139.748096437834,53.7440751709701,122.072608786836,110.864674505505,183.820871709049,129.54640250766,105.095731767337,138.242003949843,149.093630672079,215.85360061514,168.099990612276,162.703116513434,164.127256471531,150.790042907709,115.140070766587,162.924528128557,148.126328029226,147.057835982831,157.431424115205,165.834063863691
Nov14,124.717271257803,112.744110229866,145.470133121669,56.1141253325588,119.564691383614,109.365495954167,175.755564576338,122.774290515622,99.2666380232498,131.143082150988,146.217096824856,216.425585925287,155.590395062424,161.636068121696,155.498112209789,147.601135020437,115.463654332483,158.540043553087,147.298323752289,147.401262126992,172.840617592716,161.96929463992
Dic14,123.40059867313,108.739340702938,148.812181821149,65.3766492929379,118.70951919991,108.055728986136,177.404670419501,124.137237062779,114.191709387757,127.689376895311,150.868114872864,284.751687536359,173.341532068329,180.022516828461,156.493669477612,159.976450245091,117.487448772307,174.438794237371,146.359636506492,147.261429429336,196.934271836517,171.161507788615
Ene15,113.771421612889,97.3505776398108,142.232901406604,64.9206040594704,115.815378010437,106.234686970379,168.597160099586,119.991237645828,109.051268959754,123.929491548605,153.02253144676,150.274948722649,143.995562886684,155.286128982276,143.184179916638,138.197686816379,112.698620762501,146.877021514071,148.002415756483,147.220125338421,149.523082447488,154.512626005456
Feb15,115.79963252616,101.996690962787,139.72358834624,60.3061865312295,106.579297478413,99.2149582097641,147.150997278863,115.252175764057,99.7621157113588,120.773264725509,141.752159768791,152.02679817368,156.114748364726,155.227471523143,145.444322994596,137.470299533785,106.234626669744,148.102252042234,148.781506082573,147.714519448516,149.373368471948,150.972583218439
Mar15,134.109436795605,124.962877545958,149.961252556089,60.6807923577335,124.789891176265,117.401750051158,165.493207830883,121.954454280637,114.551435919211,124.589870157099,157.392477394515,164.726663998808,162.993184892282,164.81096256795,156.027875058296,148.339778409561,123.365254428726,156.840570245905,149.88447994855,148.889467262535,171.600990242701,166.008231498296
Abr15,165.287546005267,175.095542939238,148.286878457347,218.183674811301,115.302817247464,110.184142252032,143.502791129402,133.847250721674,181.470060786595,116.799924133114,150.87937258087,170.894662518105,160.258037263416,166.784355571708,148.961493636431,152.038604723334,141.333781719809,155.682296673888,152.492308554875,150.386098195333,158.706864167996,171.029092147483
May15,193.712800385745,217.66239910243,152.200316634639,155.951217309602,116.137761445689,112.701354480301,135.069400789595,130.928916316147,157.972255836007,121.327625334718,155.420846225489,159.66134991772,158.591687691728,160.842077462471,150.361398303875,150.15719220135,142.662101215463,152.708360276239,148.124781695691,150.167190066372,169.78853657132,166.417465193423
Jun15,183.883254554138,202.468582192908,151.668455192707,83.9146979743705,128.134602030752,122.844266927584,157.280642162806,124.357433208751,135.111915709849,120.655036118841,150.914850357211,169.427819963259,168.832085820417,159.978642449931,147.483276200047,150.578546994917,141.135394763173,153.792793298973,150.2795138513,150.298868033955,171.602126372123,162.935498909305
Jul15,149.477739127563,146.64341012359,154.389057249549,59.1893281335504,131.644985208216,128.330259910684,149.907016718316,124.262246537352,120.483739964971,125.7005492406,154.027142593607,188.513955172402,172.353069052625,168.253343978948,147.043281133572,153.252908823275,131.819962471934,160.548223661391,151.273073759892,149.892456435628,165.180673271195,167.620497570656
Ago15,119.592380240325,102.575311129806,149.085459527952,39.7814145308565,127.346564117304,125.929670181118,135.153483776918,120.153357037648,103.779063960338,125.966214564642,155.216444203886,178.099530827467,174.308642578915,166.557564293086,151.783242716359,149.48186711913,118.952860615269,159.873285568541,150.115126351923,150.555904654372,173.635389597314,160.606758030302
Sep15,113.526454926666,95.3433784902293,145.041672283544,41.2834648944905,126.189808408604,124.604808628084,134.922369522938,121.081980155303,96.676684792531,129.776956452186,152.307658939156,192.420095241306,177.482525723681,170.592662941992,156.353158234428,151.999229212378,115.705584973092,164.352806597767,151.296065015045,150.894755042287,166.761854513745,166.035499945011
Oct15,119.984842568783,103.68117946167,148.241374451876,49.0718714911304,135.241866533115,130.251995149906,162.732937152413,125.66319491716,109.022006568782,131.569178260168,159.565880843631,214.60677276741,174.882071496865,169.780138319613,162.876030744719,155.730120691974,124.673415902994,166.301156309569,153.388155263734,151.599782210234,163.695672271801,167.144599589381
Nov15,126.351830255093,111.456770216085,152.167025556235,83.5904788910101,133.390901968371,129.041465802147,157.353675398705,124.868571220737,117.224545164041,127.561316178822,156.775872314616,202.436500312134,162.038239267192,169.519852111496,157.192346052443,153.424114847416,127.528033839386,162.238584912804,152.749907738145,152.478042672308,177.356371455108,166.778428107251
Dic15,127.832323212615,111.923797789007,155.402709103381,119.339517785366,146.091450842325,142.192142904955,167.574153430537,130.676151533649,140.795698814143,127.063523110931,165.782701080472,286.532431192665,179.58943530364,189.128080855941,161.036011225716,170.391576698868,140.118672015456,180.695823586322,155.24935816352,153.795807055133,207.881068496896,177.636799681516
Ene16,121.552763919137,107.893865592144,145.224959670183,91.1239144660241,125.126618105515,126.270571757748,118.823487874449,116.658483743103,117.211014330886,116.466801912438,166.049685873183,146.736542858753,147.704025068483,162.642036852795,146.880572077841,143.100520938942,121.94590595938,150.30109775303,153.62007247738,153.873112793015,153.641850743702,158.185207084316
Feb16,118.139963086168,103.020432301161,144.345000420507,48.8854761951056,131.720381083205,132.541460024405,127.196283609768,115.218791853994,102.600464241325,119.715573686585,161.896111932982,160.66879578457,161.423930522084,164.174654039111,151.924112257063,146.316293752734,121.148121070495,154.88299944999,155.383579037352,154.751003226084,158.315538795269,157.907910935298
Mar16,133.909306008542,124.664468093061,149.933034503605,49.1726912716273,144.941364037691,144.756274238818,145.960963921037,116.337989131031,108.173838611376,119.24644206404,170.656633794717,170.609834210838,166.836674358312,171.924890538258,154.241177518384,153.620687314018,133.286165808622,160.5421219144,157.348933352133,155.450861622288,179.035290044631,165.383424226241
Abr16,171.596792303271,182.659528526932,152.421359276246,49.9322455844464,141.445269050765,140.598126177702,146.112108175259,116.375401203031,105.218181395036,120.374766289669,164.636120726177,173.753770284523,165.238868850936,174.899832424347,152.966770779571,156.272229844098,139.682286485595,161.919090427931,155.167548687716,155.966687025734,163.388163540378,166.808612850589
May16,195.671701521388,216.47546835006,159.612055410849,51.4877485286674,154.485929833764,153.760795288652,158.480277115361,119.079987087176,116.140412390751,120.348467034676,166.256597352975,168.956727563339,162.227949299583,168.962279190003,155.208045107395,157.496837037018,154.619443559973,158.476240007757,154.442263949822,155.65291532989,173.901244844357,167.446233854177
Jun16,184.750603897583,198.975737826356,160.093791842117,83.5475000355465,148.446082058052,150.317523276775,138.135783197211,122.949004940355,132.546311256567,119.649097865981,159.409570704457,163.070047878031,171.43551589805,166.700371337575,148.501622052329,155.977418793424,152.372512110089,157.204451642099,155.799667024235,155.136493220591,173.576051069092,169.117601512404
Jul16,147.845921576084,137.55408290044,165.684425872996,120.291979114613,150.22316337911,148.854376845384,157.764457107953,125.200102709578,148.196637236505,116.970607021598,164.11879875313,173.085058260277,174.456141572281,175.356986316477,147.951255194539,158.742284000152,148.447081064253,162.246550072978,157.817099113781,156.019676695946,164.636207447327,164.120342036989
Ago16,127.03036236223,107.149883147963,161.48579492979,65.8774956605778,151.991782389819,151.144148444128,156.662613680647,123.627012575334,121.265213085388,124.417866782968,165.794914417402,179.855725477201,177.47927915894,173.858990042649,158.728455930415,158.111338321205,138.375895885823,164.828859266552,158.100147379033,157.23897117235,178.40441010704,168.522905323523
Sep16,117.315828230438,96.9168621564783,152.664309632765,49.8899594371466,144.427651163049,145.643601533133,137.728959492698,124.256625115674,110.91368624795,128.997117579111,162.322070847964,184.50728429628,179.789029390663,177.900614953418,164.770498920336,158.845788096357,129.585559906171,168.805341644588,157.840656642659,157.919301045158,169.194388709362,169.994533127321
Oct16,125.418028334746,109.713354729811,152.62579930809,50.7530532292461,156.414035284248,158.459100564587,145.147523928633,122.105996734474,107.250338275351,127.375606973805,168.44957789056,178.516655099229,176.154329488793,174.923487224288,165.806343265454,159.111358001025,137.664944540574,166.411256753985,156.731178333369,157.557327451687,159.236749405079,166.883334809774
Nov16,133.819723151937,121.743283900877,154.737267393074,103.043417687926,148.912113442696,149.070500722436,148.039932796441,130.152781611251,134.173707335463,128.673955045798,165.630060338367,184.463906077784,162.792582814317,174.749744253927,162.343294877295,158.79513886694,141.515299641856,164.676825193801,158.13757548708,157.569803487703,175.99165496043,168.430154232904
Dic16,131.153313317135,113.393826981717,161.927544416114,167.693733829176,154.057295993115,154.481044650234,151.722980864109,140.420713101981,171.293291164142,129.397670944422,173.567764431844,274.228722945488,182.004214641178,195.18086337184,168.031929705594,176.279513804359,152.014309904436,184.538868312096,160.111454838966,158.326736219805,201.519613025071,179.860118905847
Ene17,124.089684160543,106.138636392938,155.199645724419,129.550851755664,143.963240324274,144.315974665778,142.01902350562,124.612358404714,140.361656901618,118.952041394434,175.676409606351,138.86834932368,149.100307992641,168.386851163013,155.542798381894,150.311211068118,138.259633272805,154.413309439086,160.322741900461,159.523924075502,153.308268711804,158.988740719772
Feb17,117.149700880381,99.2197467832688,148.226064636649,63.8387629580781,133.832912389948,134.750231966306,128.77859028711,112.389605359323,110.038200531761,113.217590770956,158.748417885574,149.18426192183,161.691758751169,168.748092714787,154.305072214347,147.486006887858,123.814326394765,155.543338769044,159.864543990029,160.099580243152,154.448284135884,152.166865591042
Mar17,132.202844701149,118.843476407397,155.358212232549,67.5100438640963,141.257851970083,141.132748039398,141.946975176005,119.362838938306,113.254310299303,121.536673415635,169.638486533594,163.662939880799,165.558888189905,176.490345461688,161.439778475994,155.41503504925,132.203992572684,163.315575638102,157.338664763015,159.175316884502,175.845891734378,168.403133412538
Abr17,170.901372424814,178.302747427961,158.072156797169,100.368900799359,141.693919954953,143.513150985852,131.670951301721,113.730335945221,124.901942242813,109.731037130072,163.08253246424,159.05725654979,164.31025434809,178.585379149084,153.651645983392,156.756309334268,144.487235937982,160.93243853884,158.694247926417,158.63248555982,160.523947682976,167.535344429777
May17,189.163723679902,207.088489636904,158.094112927313,195.85990624913,153.78042506069,156.673489811142,137.841128733671,134.126877873236,171.774840715898,120.646908421815,170.773405810518,162.158202376822,164.680666930493,174.195676219971,164.438171097776,163.249134638544,166.389811307292,162.180115721235,159.760622639022,158.597845109485,176.433404518448,172.279767308432
Jun17,196.894849319067,218.568257129914,159.327462272249,127.011197647119,157.983289368907,160.953317050525,141.62055455535,127.016813532084,154.397770587545,117.303622012859,164.323753373351,168.437415115618,174.396980492646,172.168340146533,153.444994664151,162.164336410244,165.611637933092,160.990948974898,162.079160063574,160.178010209671,177.645634770449,165.907388891121
Jul17,166.594722528483,165.26340755942,168.900539642774,60.8329192270607,153.735523596071,156.158833599404,140.38501315843,119.565428137636,124.299900838853,117.941065959418,166.414765589164,179.678250592967,176.572185374553,180.973334889187,155.249693638592,162.276265041774,149.02813678815,166.785643502468,161.159543354751,160.999775352449,170.72101904933,173.030606074964
Ago17,129.46118790927,109.18993172398,164.589451825755,39.2083951988745,157.866441854842,158.218052342978,155.930277696242,124.329870558612,112.499563175327,128.513657468339,168.898812485637,188.297355670499,179.683533290849,179.668401679134,167.681068819139,162.626239548567,139.995389488528,170.329295093791,162.450719557593,161.896474325306,183.019562771417,171.320213241055
Sep17,123.611498870041,102.508335028898,160.173327620634,34.9428462131365,155.248988983646,159.527562232192,131.677390684634,122.728806025603,107.584368694021,128.114215009469,165.150701638369,201.25025646552,182.693439944817,184.195132657708,167.439035742827,164.168973358816,136.178441158841,173.696349648473,163.372026242008,162.327429718117,175.631770850543,168.628830693467
Oct17,126.379369410603,107.46073855289,159.143545518949,44.4454070366457,154.669129937382,156.630027682677,143.8663191906,125.787577111837,110.311177425712,131.278703347189,170.178862549501,207.575539992171,178.565767583333,181.791085683505,178.728891369827,164.859117966299,137.24302457965,174.259043321957,161.800843287958,162.54119636252,166.549236440033,178.701573374932
Nov17,134.919956216363,120.09250972062,160.595813266835,56.009626281551,154.844513776883,157.100041538426,142.418552304868,122.894312403419,111.028279641976,127.099514947248,166.054997481452,194.521292903698,165.625817656619,181.130747288246,170.694725973279,162.035997034655,139.807944927357,169.601948803608,161.290166742455,162.15434542414,183.23467593342,173.382701515791
Dic17,147.175505279864,136.917795555295,164.93890836667,55.5528318434875,163.320203026148,165.514727109074,151.230163549447,123.012262991726,118.300664172264,124.697491779142,172.480803185182,292.680520109016,185.514691589814,202.832249432082,165.957981095249,178.809368988373,148.706219943618,189.055834700564,163.07390404851,162.054971359641,208.567383619353,184.96711787957
Ene18,130.288314434655,114.416083226757,157.78883327966,149.471207840098,141.529487243036,141.145707526288,143.642933094711,124.435684778892,143.169762257125,117.704977117892,175.935572689386,149.520101741737,152.650034311551,175.493793123512,162.785161788302,154.598247693881,139.399579760154,159.771547989554,164.951679989207,163.105250260057,159.958200014537,164.770739609391
Feb18,124.221070476631,108.340570052954,151.742087633001,75.1114652669087,130.334887181205,136.369323453646,97.0889939428269,112.065073475691,104.60105585301,114.720044099337,162.153262551491,158.838597967949,165.82115150521,175.509603864521,160.957303267217,151.469039359636,122.898882217092,161.193707536966,164.405122111251,164.143568716323,161.382404306435,162.583158091771
Mar18,145.580614355564,134.565883006001,164.670257827381,72.4142654210984,148.07836886487,148.145131293787,147.710439248543,121.516997686194,117.134755176364,123.074610791559,177.618058905706,163.626667144893,170.764633396159,184.15088023267,165.551848649823,161.434805266302,140.007629124754,168.728156048874,166.299873188091,165.21889176285,181.986364596301,171.477615064903
Abr18,191.643241859041,205.0291844904,168.440898743399,192.856881037831,142.763588262417,142.182560190622,145.964322862516,137.669533083253,177.107979206185,123.556861380924,173.692617082834,174.852604880254,172.392697807966,188.773147597256,166.253667780491,169.424386520818,161.567270683459,172.098780083582,169.115359828505,166.606785042616,172.665414538008,182.616683009378
May18,220.255629282516,247.071966175221,173.774222067718,255.375059624799,156.706761749151,156.993754915752,155.125012644841,148.377328771218,211.517306246576,125.705150972031,178.274523881787,177.537973056767,170.079182824343,183.154515666057,177.640009145122,174.202548069554,183.864028731196,170.913987454805,170.116676789511,168.510636602036,184.794719055414,185.224817192122
Jun18,206.66748951106,226.823449021674,171.730563066111,119.852273000099,150.453253484102,151.381727731225,145.338038665398,128.900682949655,154.383974990642,119.878787830406,171.233184634441,171.845132470876,177.206059255873,179.844942730292,155.603864178538,165.532592831248,163.440220858054,166.244791334089,166.085052006958,168.439029541658,184.829046199605,169.44637320701
Jul18,173.7042872104,172.63945026598,175.547011504458,54.8392704501316,145.485897396711,146.963757318764,137.344145295376,122.0468028606,116.49700816555,124.133264246653,174.01425699589,188.552436040136,181.273199026427,189.070142219285,162.108416285031,166.518727654343,144.529075868384,174.003533071639,164.639744596301,166.94715779759,175.285800002761,175.675169358057
Ago18,140.019974781732,120.341107635993,174.114977443632,52.4232297265684,151.394860799781,158.020768956738,114.891489029742,126.734229457391,111.234448556783,132.232176448553,174.514810130689,189.300638343382,184.213815966481,187.527010884831,168.452072028446,166.41270343736,138.986871884334,175.747867749193,166.122419526065,165.615738709775,186.214356800874,177.29792272472
Sep18,132.332210204028,111.585603261415,168.261697623326,49.4854096092135,156.12180692572,156.845974305672,152.132527910439,124.691835462003,110.862038707489,129.606231136065,171.510989325737,197.496152743489,185.270224593611,191.555623992693,166.794014109758,168.105836536928,139.703608144045,177.773345372791,167.647158995001,166.136441039122,175.732616494722,175.797251568412
Oct18,136.112376752361,117.2034387151,168.839912591295,61.6130646618611,150.694761082887,151.369901262567,146.975575225071,133.696490072262,119.687688227916,138.659095363971,178.839458077918,226.462516060825,183.148287533166,189.448210759176,189.324336877189,171.603442052219,139.383130146422,182.570544553289,168.10361471549,167.291064412185,174.10852144128,185.614989524048
Nov18,141.670025706135,125.795379447712,169.15556865743,169.637435057077,150.494160929186,150.715552254236,149.274875950255,137.941493143976,155.155066218325,131.740329460529,176.793002793913,217.123608621189,169.602956326371,189.315541133608,174.538563717886,170.240884848902,149.773816392186,177.207435586136,169.138004336892,168.296259349128,191.422783995467,176.568938175684
Dic18,151.213123003934,137.336308028608,175.242105280184,187.069757876338,161.06397830899,162.470952478234,153.312786660757,138.472733890695,170.532601099798,127.075844400627,185.200916675958,307.329223775894,190.206344481763,211.119775093812,171.452908679912,187.229533333542,161.122659373196,196.115752794817,169.940276721608,169.060631924663,211.648118588632,190.870048037931
Ene19,135.080075909694,117.392307534561,165.71514416858,115.117320190587,139.704253826627,139.181116417718,142.585468961852,118.189149640271,105.25844815219,122.838519495157,185.335328145976,148.732450723491,156.397698170055,182.300213936816,172.681728577157,157.186802338493,132.023929899812,165.751703946623,167.811639551805,168.963306870102,163.001089705583,166.4753798711
Feb19,130.308478937048,113.390389876243,159.624931213478,75.5015823364167,129.60430130336,128.457376465255,135.922480031389,110.87698201169,95.7379427257955,116.274267487262,171.312812442951,159.41317527043,168.761172073893,182.288979044116,161.754370230983,154.603348837791,122.415097011893,165.559538775896,167.961351873845,168.571089382419,164.564700562153,164.531104744812
Mar19,153.919158638003,143.251987378258,172.403971737775,68.1998878757217,148.611725995258,148.894536462797,147.053524592116,126.577831665541,123.01862970567,127.84279567052,189.595239326541,173.42251605734,175.91347525091,191.324444181094,167.677962993057,166.88351387112,143.149535037733,174.962050769987,170.70075990363,168.824583776427,187.574894563435,176.423788062785
Abr19,199.968677190376,213.764576741515,176.055121110534,77.3654783003489,139.101226681483,140.232665238602,132.867506793266,118.420482068159,119.78542009024,117.939581506278,180.249133489256,190.477069100211,177.52311609769,195.438773464849,167.810830807422,169.398009965811,148.307908047877,176.576627918618,171.307955050542,169.990022276006,176.990141009096,181.514356179622
May19,225.175486482865,251.148491204524,180.155756896425,193.363499563241,154.614638203646,157.011312981902,141.410086244804,138.508208538155,173.740929768997,125.941444256328,185.822630393979,176.632881026078,174.054639148351,190.402576548407,178.789923229238,175.381659279371,175.585099203325,175.312412696491,171.338952774496,171.115889242889,191.72842326242,189.574603757507
Jun19,208.514952143453,225.25004863158,179.505812231796,142.457090207586,146.094593430754,147.602401628425,137.7876559683,129.880740648562,158.948770907833,119.548250571958,177.148497074448,194.43683165605,182.042966805779,187.139549818689,160.20902738373,170.183484780712,162.847682801786,172.68043429708,170.899464736109,171.182124187049,192.775999608962,176.016427300927
Jul19,171.904523815015,166.063315344476,182.02364780783,88.1176328393976,145.87297434264,146.115065885834,144.539445541819,131.760760527441,129.124354913776,132.78461194858,181.200276715502,189.179173339069,187.056741224796,197.333611856872,173.301775224991,173.057902425139,147.448978719264,181.774630309263,171.031591759091,171.090003089899,184.773601340845,182.308464571031
Ago19,146.271713138538,126.505097417582,180.507204394711,58.9671758684536,157.694105836089,157.498200149798,158.774387142951,129.210440501347,118.308296050026,133.059410161522,181.50785185396,198.534489997263,189.990571815729,195.694171763949,171.334622829073,172.59824394028,145.414259205936,181.851088786747,172.56907434454,171.500043613247,193.835306228019,185.131128398351
Sep19,137.729028615283,116.713683383398,174.105702928233,55.8492405821785,150.879900849658,149.176459111013,160.265055653144,126.794600828774,112.756946904797,131.782893075702,176.328599703039,206.73323484047,191.649321025025,199.023067562902,170.768149591015,172.375332584698,138.517095255354,183.899949738689,171.219205093299,171.60662373231,183.829638163348,181.940038820972
Oct19,147.173093373735,131.126723359423,174.912139202773,66.9487744337075,151.748064943583,151.582620920117,152.65991906727,134.453865648165,128.728152427548,136.455672620313,183.80157930784,230.917941803599,189.634848375379,197.073642236783,187.861292751564,176.261987594348,144.275310252045,187.149565905426,172.274518362972,172.02093260027,178.809002577782,187.541334040889
Nov19,149.249316173339,134.587833378136,174.598624074634,148.131048931922,156.716157337912,156.257018641796,159.246141151223,134.573579585289,150.816868464646,128.720069700179,181.138367232048,209.740737952581,175.494691325767,198.511097059552,170.005697071073,174.206812160416,153.705141151387,181.185140863646,173.262991970734,172.252238475668,194.64446706485,181.900783534479
Dic19,155.451459852699,140.924160863037,180.59457105509,103.114850977618,163.601712214475,165.443959512024,153.452472874879,130.916352963865,132.601891090754,130.366088132345,188.905384858362,276.236020184921,197.156901419702,221.888587303792,176.761183264861,189.600037536011,154.635369625931,201.501259908,171.265542656144,172.26768432995,215.240071512443,191.834001697141
Ene20,141.40688846254,124.843669219193,170.091333453055,78.1611787332245,144.46095391686,142.897111901538,153.075650929592,119.537510834492,106.806077710639,124.120572775268,188.351189339514,157.615089896103,160.656943245008,190.46595765794,175.966916172936,162.439356367659,135.387046264176,171.647381996433,173.40055177364,172.643028800173,165.066334843531,176.003156169473
Feb20,138.094310822387,123.112382974987,164.054163631204,82.5578948744941,133.601740613272,130.969706806505,148.101771316602,118.239752945519,118.952497321442,117.974576859037,180.128021496253,169.052043285985,173.104602351496,191.284278956979,166.886387345199,161.761068241108,130.670885910976,172.343498895051,172.795980541692,172.487358323825,164.052314600989,171.30656437091
Mar20,156.495405990081,145.988141833454,174.702998145707,55.2842339480615,115.94433692617,114.258128300218,125.234058958324,84.78239314428,96.9539197474753,80.4377881131177,167.301690699308,95.8463978946373,131.725773012716,175.700792097438,129.886494275136,137.57430981624,120.464552633259,143.398103867111,140.715437157824,162.303989824385,167.487316950876,147.685387107016
Abr20,205.195460312053,222.156578706027,175.795663865506,35.9704510848115,80.2465515444478,73.9264059849411,115.065843156964,55.5816333355113,87.9728098410635,44.0004948660959,134.25695822199,18.8233610515071,64.6935682519162,138.617667746617,101.322467058909,102.930787854973,109.632052216925,100.649821321837,104.602347988204,139.37125522924,118.188289412241,118.716967352164
May20,234.460316961037,268.849298762719,174.853020108545,106.317149392411,83.8320065186714,78.6868516976809,112.177732640383,77.2737742275904,121.072840998045,61.565392961913,145.428549148087,59.618635216426,87.7851271474556,147.066352404306,113.450696106972,118.061855291015,126.231611487047,115.281045661593,116.231904840938,120.516563328989,131.654571951174,132.715820101307
Jun20,205.136496192534,223.28202883249,173.682737647118,211.197511558941,124.894368377634,127.479387093094,110.652756417494,114.094169937368,174.587249607088,92.4079621405173,158.304260029735,110.959761074077,131.357706854485,153.178829350483,123.773817275869,139.466493816373,154.740297352895,134.26761897444,139.691189928353,120.175147585832,144.050262853856,147.190042567961
Jul20,163.136130630306,155.505955189669,176.356399463928,111.545300570112,136.730685515567,136.652676151324,137.160675450666,120.967087352828,137.536629122591,115.057252086548,172.079599261367,165.544974058065,167.50743264306,170.888367153544,145.027886522505,154.097399179567,142.338623034902,158.09983415421,152.688172031073,136.203755600121,163.603762814599,160.669164107673
Ago20,142.164746473669,125.692176432611,170.690681318966,60.5103449220619,139.618152382762,140.875832168938,132.690042173482,116.369398964917,106.86977806071,119.723542882368,176.778277805636,186.686828700942,175.396720571523,176.857771130835,152.264714289666,156.902907142123,132.324318609126,165.268931051548,156.68655231173,149.688638090385,177.367039361653,166.489663111463
Sep20,141.840287129803,126.756367711621,167.931638637147,61.0192894921155,131.94334618749,132.364231071443,129.624884699121,123.695437992542,112.72294586883,127.588983674675,173.22842538444,216.307069919795,179.879274117334,185.327780616134,156.523814519122,162.400378772816,128.923216213096,173.795286255738,160.528305860686,156.634343401163,173.052519493061,168.814121242665
Oct20,150.471831297379,139.514120611795,169.385859422678,72.9789737873601,147.391355641393,149.871880883397,133.725739051426,132.513586658335,125.281315469915,135.05471372574,183.709331645768,264.453890763966,182.40109865271,184.480372390263,173.57030596571,170.671061848291,142.175020960546,180.370502443537,166.967329972111,161.394062714842,182.440850046562,177.329852842443
Nov20,150.933713189163,139.957934625804,169.89197794509,147.695416905316,149.034013855141,151.193486765666,137.137231820519,131.332240075186,142.101499851807,127.437907044618,180.43493837242,248.448158544345,171.17328741763,188.552164593226,172.448657133008,170.694629913176,148.258406163984,178.33143884022,169.04548253606,165.513706122952,198.852841447667,183.051042261712
Dic20,151.654693267189,137.724184796745,175.76411859474,220.228589404079,157.167525366491,160.877499519144,136.728401898967,143.935857011872,187.383530320652,128.471147894159,188.336233064816,348.13585323034,193.934828547323,212.601899245647,181.26976373484,191.724504855328,162.864961604283,201.547673851756,172.838582592272,169.617131700148,232.639481786052,204.673629248597
Ene21,144.095992948645,129.400213838572,169.54264033257,141.178428375943,132.249537870951,132.791908394855,129.260640247084,128.514907362201,134.644579044147,126.316260558508,188.178743615145,183.234805688742,160.341585597699,184.033762618849,167.51429651768,160.979533846276,135.701593995052,169.583601931488,172.816339452534,171.566801526955,172.045256897476,172.653818121623
Feb21,138.957417627021,125.889359990024,161.599820612411,101.087388479597,127.872203260346,129.801100534429,117.244849777376,119.010021042722,113.066203461784,121.121769384587,171.790604135747,194.163534983975,163.275263161883,176.4467336175,165.136571103913,155.738242255798,127.170082397882,165.462230600317,168.968050261693,171.540990768833,174.971793817525,169.043359544557
Mar21,155.907568515974,145.549230374597,173.857030517959,85.2227576143054,134.021664803013,137.907980880331,112.610716237739,127.301961631213,120.054252859077,129.882599182278,190.750040257441,224.492523301584,148.173904205231,190.250047898013,174.040912616159,165.085121625488,135.359090825469,175.203224382746,168.811446356538,170.198612023588,202.976195191541,182.03276723691
Abr21,198.358180757226,210.930229017875,176.56619134421,90.9491228704016,126.850570744496,130.689344742539,105.701759116124,120.377900680711,116.714889051229,121.687706792779,179.858752025678,205.179678961035,167.118429308148,186.462956128342,173.099559461392,164.757838994103,140.87605782767,172.886684634275,168.13010674589,168.636534454707,186.508377191767,181.137879151003
May21,224.079019290657,250.091157687563,178.991380311391,216.42881507274,140.037996820749,143.737732979277,119.654340795128,141.834873433277,184.557924745966,126.533411030258,186.825776857878,213.510020078447,179.133835551612,187.077845798924,184.821547318469,175.625905780378,169.605070937579,177.675268711937,172.732474631431,169.891342577953,201.574225017926,192.519225977652
Jun21,230.356094823271,260.36390458729,178.341019499714,138.34144525067,134.701433395898,136.670259768406,123.854819264769,136.963924432873,160.481421975194,128.688729362086,182.175876710048,211.153382066951,181.355206068804,185.477514747922,173.013552859254,172.304898105423,161.68049531915,175.9212167404,172.495918170608,171.11949984931,202.833982470202,189.063366999463
Jul21,183.626101718182,184.301922876755,182.448311407983,72.6554601907038,141.383425556193,145.54483414043,118.457097808714,130.323990940166,119.160604234461,134.42822069117,183.948150869824,226.050748677108,189.709491673948,195.228904896249,176.728243529219,174.462942047515,145.514533356565,184.316358932018,173.578118408485,172.935503736841,194.120688201159,189.469582396142
Ago21,153.509097008231,139.60271625024,177.584214868209,48.4604496369239,147.189111145336,151.832265365381,121.608708928673,130.164053570437,107.543079776228,138.211348488226,187.369663955085,233.682976257469,192.814282521605,198.159525858975,181.398107983745,175.533752506321,139.033368174772,187.957699781039,175.094810322293,173.722948967129,205.659502081517,187.878857027093
Sep21,160.014656123254,151.935765947156,173.953347688871,44.9718561049289,146.506198075803,148.625076337817,134.832859460409,134.077882136667,105.121205364266,144.397026970269,183.494578783904,244.418122253068,193.141422228777,202.891379808576,178.956627578255,178.513444606035,139.660931597644,191.738005989333,175.925640480317,174.866189737032,195.94488317054,190.558863185384
Oct21,160.052077536916,151.258334374539,175.20856456799,54.5165999641595,149.597556482661,150.721783552058,143.403616256156,133.140300510709,107.200404061688,142.367750867248,189.833251187746,259.105079405444,191.773941577349,198.351741117821,188.88824078759,178.732653106088,142.050011786521,191.218636747026,175.111190458309,175.37721375364,187.118832044661,192.080224665451
Nov21,155.32851967431,143.535879690823,175.701062418847,174.671064683518,141.283528850647,142.503309437506,134.563452749975,137.95473800289,132.727813930707,139.779786045812,186.076995071573,234.588127714327,177.709466138491,201.232108686602,183.732625200862,176.835828037128,144.095868318034,187.979807498594,174.969926500679,175.335585813102,206.13106598972,186.371800884588
Dic21,167.197908500775,159.424341940958,180.629600654438,198.260669724594,148.656334795914,150.661527370247,137.609112258403,147.679768556355,165.251791243932,141.461068161941,193.09192959278,323.647843622324,199.151832203593,221.767127670923,191.744216294017,195.520178910443,157.289216577871,208.533177786486,175.569287377366,175.216801445451,231.054715358656,206.112390127551
Ene22,153.018627447138,141.064587611535,173.710483863769,104.716034458454,138.225778058338,137.562693414625,141.878008224647,126.248815422126,125.723939334808,126.441451878343,194.3469969248,182.219561000969,164.088470922814,190.715472421089,176.99454338513,165.428194125578,138.592077715146,174.562632062254,177.221860030269,175.920357969438,180.478192840816,178.39106131469
Feb22,143.162729712021,129.976094647021,166.010331719329,82.8543411405469,127.933721889768,127.084921943764,132.609456595187,122.046424974848,105.015296677732,128.118558778561,179.102867311183,189.42226109361,175.492674567417,189.705888661675,172.949076110759,163.062476205085,126.288059389302,175.579698254796,176.950551401314,176.58056626965,182.875332858257,172.216250921726
Mar22,163.171478421929,154.342296236205,178.470228550225,65.6530190393576,132.980171109806,134.168628913213,126.432507847717,132.512339681898,102.129904746553,143.3500956743,196.039435244264,227.554983167504,160.155611675987,198.794873376397,182.452896218026,171.4215856825,132.848443717516,184.551055159864,175.603664878842,176.592025436808,209.335301912768,186.665619086121
Abr22,213.279827902573,231.52218867549,181.659300014337,61.6625370025768,126.052860397999,124.720505611749,133.392902821452,124.244375937109,105.341059117137,131.013602972431,184.826527914165,215.190290598574,171.478348528873,196.217414675496,181.955984774127,171.351661461944,141.137164457352,181.636027629362,175.681396485369,176.078537588508,196.630318377768,189.720719842943
May22,242.443354747984,276.304440979477,183.750873285456,183.760011311479,131.901238631438,129.707924917357,143.984275402928,144.493721654055,163.552091511281,137.81527608744,190.594689801901,213.897525361281,184.199817169869,196.727413256364,188.151533676556,180.210081514828,164.784266624595,185.460697758344,177.036592046071,176.107217803427,205.054421476637,194.933855023319
Jun22,228.806468809908,255.534326433923,182.476694270104,165.488559417919,139.048556839249,138.61593418903,141.432025235378,144.163624642358,168.876381948996,135.433838682842,187.790671917585,222.04695728337,185.828648184724,190.778431572065,184.950157417614,178.292131143719,165.996950201877,182.47714679635,178.263464138939,176.993817556793,206.400107008699,188.759587833278
Jul22,192.225207246596,195.631610227126,186.313861580511,99.7700643835093,133.495102866667,136.95172911363,114.451625350576,133.283649851923,134.314282660197,132.987865046724,192.998224169983,231.844456640946,195.107862641202,199.675320171292,181.829628752768,177.607762415235,146.451234300324,188.212775750076,177.503133400054,177.601063195021,196.695991535425,195.551825725247
Ago22,164.896745587093,155.391567621386,181.340041369814,48.1995625483975,140.135785613538,145.787050674649,109.001393121339,131.043068638344,105.276575637599,140.216667446185,193.751744053135,244.954563217679,197.178298466372,201.830550640304,195.427203446049,178.999270679373,137.327381323379,193.183487247997,177.855593384105,177.874063641033,209.820283164843,194.191511681432
Sep22,166.926233749525,160.47390256406,178.041976285674,46.9667263995261,143.249069992818,148.459943152574,114.540992457533,134.881506827319,103.936655301594,145.910566919727,191.941191959395,252.787563971109,197.130654189182,207.609367015463,190.989631248289,182.333593279657,139.299559371978,196.981454612593,179.220811762958,178.193179515706,198.150013903548,193.072256338201
Oct22,169.482268669222,163.968005950843,178.947332168399,59.9689626737428,153.208723431499,157.384069636378,130.205291179403,132.845449574883,109.629395581848,141.099420387267,197.845716961327,270.578952447365,197.069987504019,203.258971847371,189.052064585599,182.903406082431,146.88025420509,195.164913674459,178.450058771219,178.508821306094,187.75777285403,194.918049292777
Nov22,160.334324537792,148.846951876894,180.175062693531,94.5885884530177,150.043005356677,152.815892296193,134.766408831935,135.692173847424,130.514427077954,137.50064271501,196.602931094393,251.900887511445,183.026373283943,203.957267118397,190.293295780637,180.587578175635,147.513501550216,191.845283859545,178.481365296855,178.717411943677,208.262265308776,194.207614707116
Dic22,167.601886967077,157.493178895633,185.08149772675,197.391794852422,162.692873085297,167.502946415697,136.192736294285,141.009336247659,173.203005985848,129.563958510903,204.37802246939,333.225431173072,202.743764814121,223.23173377288,185.893388207062,197.558457090439,166.650283927559,208.07893573103,177.816806887898,178.249410318657,228.483996386113,207.303020371333
Ene23,157.946781153012,149.397987698483,172.734511236537,133.383281469099,137.141478277403,137.183050144117,136.91157955894,126.513084675582,141.246692101057,121.222189363653,200.662283676841,160.616925831995,166.125504513228,190.033003719556,167.456870495169,163.991659815814,142.62071766097,171.265869756484,175.358755205364,177.218975796706,172.875249609831,175.04109379271
Feb23,142.772328623617,129.666974296386,165.479050254657,83.6735281400602,128.495342141,130.525002941923,117.312852415313,120.083675632561,129.094523696113,116.852947479729,186.403642166649,170.342469107308,179.66062384802,189.836557428899,169.191780827416,162.114772297979,130.646513894953,172.825891930997,176.037867332779,176.404476475347,179.870166126466,172.563194412874
Mar23,161.251770697501,154.205821442302,173.459564743798,76.499882758375,145.325699199604,145.848637887983,142.444564287024,131.99862088222,129.678218648412,132.821568370348,208.721335372227,199.241696553384,164.886104469679,199.0119788085,177.013320944818,171.959006209721,144.39289779858,181.34191775274,176.290666624311,175.895763054151,202.425988319988,178.394855037351
Abr23,187.474293886002,191.227008035486,180.969111886576,56.2217875476344,148.003077223178,150.736745216551,132.942203123555,119.654930610979,118.38369715386,120.118419468208,198.312901725189,204.03718860208,176.925450061462,197.300780238061,172.369295922643,171.989483689911,149.549465382835,179.627584203002,176.90098735996,176.409840439017,190.21670922046,178.743196772267
May23,230.819418051048,258.957622023105,182.04686283965,52.733876873994,154.003776830735,156.989912554751,137.551726242958,121.834493468732,117.445922565898,123.632415740566,201.536100025024,190.832460499136,190.005011787411,196.878780727332,190.872128792481,177.861185589073,162.863880917613,182.965946152923,174.990208400833,176.060620795035,204.647380856759,191.618872249333
Jun23,229.00501658847,256.508234827388,181.331507986837,51.4206710001628,161.276517277065,165.061091617909,140.426204726507,123.150841272238,119.74120984586,124.544934967671,196.108808657195,208.655976322917,191.50436215453,191.824556138941,181.677113361975,177.334725185052,166.902193052685,180.885735168316,177.19842681667,176.363207525821,207.457361264167,186.524478880582
Jul23,191.130244637711,194.307417779032,185.616358920023,51.9394631500159,148.741268117314,155.306061539489,112.573980280404,115.473968630442,109.570856074413,117.663751290898,197.504522709765,211.45056487298,200.980933234764,200.204059598059,172.358025564833,175.480990031864,149.197184985233,184.427433036741,175.090687909846,175.759774375783,193.960636115781,188.318365640001
Ago23,154.398949292026,139.548866593184,180.109820082624,71.88482758468,149.311807540185,154.831288985646,118.903458157365,125.607397890695,122.035215521998,126.833409315094,201.163296855885,221.785245164612,202.754131334671,201.294032671271,192.846264676304,178.066865625777,143.597524417706,189.799489421553,176.880904795374,176.390006507297,207.780290215128,192.163596795089
Sep23,152.270996096313,138.117703374742,176.744556584329,54.9129859795747,155.881329405866,159.301229341061,137.04028210372,122.336329545168,112.518357712355,125.818105075588,197.423617243086,228.992593379579,200.864122350444,206.203362643274,190.709053532222,179.973752609623,144.692981708399,191.982569654032,177.251736157932,176.407776287717,195.820696198262,193.325290754523
Oct23,156.575769765493,144.283509979687,177.787278937449,90.9228818289431,157.954070347461,162.326361072442,133.865606527697,129.268819136759,119.817568122035,132.605307318381,203.029274745714,246.064499355633,199.750139334073,202.407467048108,190.848059199162,181.396278614357,149.170395927395,192.365277289749,176.385605988982,176.839415647429,190.401233526433,194.620471183071
Nov23,162.242446044853,152.565040889909,179.099156274921,152.246496341274,162.106438978862,169.021095326017,124.011610090511,134.995690211856,154.754068464519,127.8862336461,197.959491318944,231.622866066522,185.405716136634,204.08667243511,179.294343284516,181.111282152343,160.596624699549,188.094031162251,178.918060101941,177.518467416285,210.406716413021,189.233166141547
