DATE,PN02312FM,PN38705PM,PN02028AM,PD37972BM,PD37974BM,PD37976BM,Recesion
1995-02-01,1272.22647303687,38.4338941025897,55.7679465343683,31.0357814860436,59.4935831990473,42.8268148677755,0
1995-03-01,1495.85734538762,38.961214848278,59.3443440955769,30.1367088639283,70.994500914248,52.0616859978489,0
1995-04-01,1650.98024502702,39.344814645658,52.7433366613744,29.452419314285,70.8731382805422,45.1821631217616,0
1995-05-01,1567.14185690919,39.673229503918,63.5509771906586,30.8980287334407,72.0919642392864,51.8920593875331,0
1995-06-01,1452.24377547692,39.9940724638791,62.7331999974066,32.8934395018826,69.7703638956947,47.7123135611689,0
1995-07-01,1528.47896172244,40.222100129075,63.954793316693,31.0258151844686,86.7221116346275,45.4396840224774,0
1995-08-01,1525.14180621517,40.6395169060839,64.1080404272834,28.713408674134,82.4568021889751,54.1978377283486,0
1995-09-01,1492.17379827406,40.7986114811906,59.5774531497547,33.9031526938172,69.4774144346854,50.3671729463087,0
1995-10-01,1583.55441337011,41.0063036869201,57.6240884817877,35.95369606029,69.757216695345,47.7871916257868,0
1995-11-01,1580.401751778,41.5160379089848,58.3845074673922,33.7187846205107,87.9455221111491,47.5444180469465,0
1995-12-01,1826.51069023638,41.7336780823374,56.4219940931724,31.9269079947624,83.8452932886099,43.7852976533679,0
1996-01-01,1732.13266916693,42.2522312572031,58.5251346202207,27.0409347385872,69.4949691537799,45.4867989342734,0
1996-02-01,1509.25471581674,42.9002836819856,55.8917805993796,28.4011492052948,59.0655011978945,40.1962069528469,0
1996-03-01,1577.77548618954,43.4923762718663,54.4373619991241,32.4058208590812,60.8056140356533,42.9194638568084,0
1996-04-01,2423.55313131304,43.87130378097,53.7900606411418,28.1215156347755,70.8935274776643,42.6940304512421,0
1996-05-01,1773.95996113729,44.1904664113681,62.2196575030019,31.4152496042528,69.5760873709379,50.3234410947334,0
1996-06-01,1705.5654049864,44.3961623578029,59.3192917665308,30.5154395786139,67.1250346676919,41.0608526015977,0
1996-07-01,1824.85051731039,45.0061657332517,63.2187519164916,34.5558182501851,80.3836423140438,45.8846546212686,0
1996-08-01,1827.12039967415,45.4221771437171,63.8276456400573,34.0764965558659,70.5378038003575,46.7680798079933,0
1996-09-01,1679.63424967911,45.5694017874693,62.2856729161912,33.5175173831469,63.5746579638496,44.2898244301782,0
1996-10-01,1819.91716829458,45.9041338516646,60.3320966529286,38.8421025370134,69.3361829148986,48.6147024522085,0
1996-11-01,1793.34581846948,46.1189535710152,59.7929973791639,40.2522024027132,72.4099592412499,46.0840284236238,0
1996-12-01,2015.13040233556,46.6749433775806,60.1248241005186,41.5529469021602,63.9426154822581,40.7531106536094,0
1997-01-01,2129.95755195534,46.8995048422897,60.2744616626692,41.2982585697535,48.7406947903532,42.8003117191235,0
1997-02-01,1876.64650668039,46.9412138160557,56.4105455932224,36.4612105305768,47.4247189053637,40.8543158740511,0
1997-03-01,1926.47687811233,47.5392549114592,54.6834304849883,42.5554745178454,52.2050221980723,42.1666647357541,0
1997-04-01,2473.94855676033,47.7233502907981,58.2456759185295,40.9299857803516,73.3900817356186,54.2866925993941,0
1997-05-01,2019.60970005876,48.0837164073912,64.2451604091413,41.9578088873498,73.2651550148138,53.5995056890409,0
1997-06-01,2117.99639529333,48.6059947756888,65.6159666945626,47.988924331045,67.0316104584818,47.0217269196388,0
1997-07-01,2017.99906121595,49.0087954629047,66.7636341300077,43.0534540386569,80.6149386360159,49.8217923756263,0
1997-08-01,2136.22290165936,49.119921489448,65.810050667314,45.7148515686864,76.3365590493891,52.8799520372972,0
1997-09-01,2021.44061769721,49.2635861953205,66.610900236859,43.6806197170209,77.7915891782333,54.422038126336,0
1997-10-01,2092.21277871048,49.3382310172215,65.187263295185,48.2241829737491,82.4743547523859,56.1878348986865,0
1997-11-01,2109.56957595822,49.3765411425534,63.4779109890474,45.2682659803757,98.3345400948657,52.0584645927661,0
1997-12-01,2210.25874222009,49.691557802778,65.7437997006702,51.9331251472769,96.3618759463707,53.121002799557,0
1998-01-01,2323.55265748856,50.1419166770814,64.8541218355179,39.5379465202419,84.9080395126857,57.7333779561729,1
1998-02-01,2020.02128894487,50.7609674468296,59.6996613660896,40.0810675633806,73.474028163842,52.4739035307644,1
1998-03-01,2194.72208841869,51.4304225486563,60.9815612692216,44.0105192659369,73.4128345861177,59.9286186755191,1
1998-04-01,2478.29742783122,51.7447184724816,60.0307959481537,42.1079508919392,84.5889130017988,57.8947031024383,1
1998-05-01,2144.0091833731,52.0518042549097,63.7263599154609,45.7840624055733,80.7714907688531,54.5785042055352,1
1998-06-01,2132.88853916929,52.3278782359875,64.1662178732897,46.5745074674326,83.4858998195672,62.1854097867155,1
1998-07-01,2133.52907006704,52.6565319510118,63.0490753610518,46.3537418234659,80.9884566144222,57.9646607159195,1
1998-08-01,2262.18159719567,52.7957764180424,64.2587598062934,39.1236543133501,67.6080208132328,59.1686588690649,1
1998-09-01,2197.32609806472,52.511745868179,62.1698671541492,37.379666001149,62.5184252847745,53.1219158030368,1
1998-10-01,2017.73686758632,52.3359014624748,60.2235130202628,47.6305154396659,60.8119900082979,51.9444304456584,1
1998-11-01,2114.31235433196,52.3518180718014,58.2851747836355,43.4691789041739,66.1710460547263,49.7402983932594,1
1998-12-01,2175.03583279408,52.6764271919068,53.7326475443146,45.2358674370722,62.5092291898419,42.5337858166602,1
1999-01-01,2166.91889356154,52.6838123097708,52.6426704056002,38.9985472632472,50.0609513282481,41.0347713170435,1
1999-02-01,1940.72293856929,52.8497413823517,50.6545405188354,37.2153291847362,44.6051999791654,38.7611284346718,1
1999-03-01,2171.84829129895,53.173232597252,53.7175467902587,40.7781691836881,47.679371264874,49.3776173998284,1
1999-04-01,2271.65943973849,53.4867862597952,51.344634684341,36.9633871119436,46.7425462902799,44.6130963058431,0
1999-05-01,2034.64569930913,53.7387995879749,55.7788903489812,41.7006783088918,43.0669306939044,44.965905654558,0
1999-06-01,1951.29107363951,53.8353192456401,56.6105135016336,42.5245360557188,43.3926618455023,47.5756039260656,0
1999-07-01,1929.64801395532,53.9770328250367,57.1785288095532,42.9176265366482,41.6429618308065,47.6372315430342,0
1999-08-01,2083.15428910306,54.0693884594007,58.590754739557,41.631386833506,46.7646020316459,52.7673225333786,0
1999-09-01,2096.81296786967,54.3180952878372,61.5462870413502,49.7137484494168,47.7052685878857,57.4195658792229,0
1999-10-01,2095.70919893791,54.2524957771825,60.5583518341581,50.5444646052665,44.707748419965,53.0753708451111,0
1999-11-01,2283.31078072753,54.402979704806,61.0386622170677,47.0875266807801,54.4577778770928,58.335536219007,0
1999-12-01,2456.25064610452,54.6393631906464,57.1387565166511,53.177093568202,59.0047142478187,56.3934022122833,0
2000-01-01,2422.35366828911,54.6772310143538,59.8563503140352,46.4337888906375,40.8476387313566,47.7159167823972,0
2000-02-01,2109.23734792383,54.9397526514611,60.1624587440895,46.8099041153217,52.8026799711285,50.3633870180214,0
2000-03-01,2291.59684495688,55.2371182134136,60.6603468541258,44.0264689536532,59.311961905941,53.2029193778177,0
2000-04-01,2675.51294356112,55.5197093735317,54.4922143464601,42.9468043602738,51.0262490800174,45.5047054028246,1
2000-05-01,2336.28197969439,55.5290150664251,60.3831144806149,44.080351173624,55.6167981603648,56.4350248656672,1
2000-06-01,2104.70218684707,55.5647123487218,58.3131233411473,47.4253200971584,49.040181780227,56.4945026047197,1
2000-07-01,2150.0200645875,55.8516050136507,60.5436733388324,51.0809827701663,49.6945426891102,54.8702064603896,1
2000-08-01,2322.72207981472,56.1130254099784,64.3686494816326,48.6474735084335,57.1221983131681,57.9940723830105,1
2000-09-01,2231.62199876505,56.4250480284363,58.1922530699447,41.9775109863128,47.7821393086983,48.2924337002846,1
2000-10-01,2798.73951707801,56.5563303718728,61.4584302142944,61.5278760075966,59.6909450798756,66.2079121806239,1
2000-11-01,2169.06470791893,56.592420656869,60.1893635065832,52.363335323647,64.0877142104807,56.8441196251665,1
2000-12-01,2236.56758291176,56.6797255816296,56.3877733242833,54.0750400226141,57.8374986063287,50.9791106739909,1
2001-01-01,2282.22243258127,56.7861036356312,58.0570958212228,51.4858727194955,53.686459130162,54.0819968240646,1
2001-02-01,2206.68622490226,56.9254362852463,55.7495908062982,50.0891608674155,49.2633963174904,56.9016817133795,1
2001-03-01,2041.0136218059,57.2145661492874,59.2200221013129,50.3538550758121,63.7005179272065,54.4711953391086,1
2001-04-01,2497.63150924955,56.9763634636722,54.7022581641765,46.9366730797086,57.1174165555152,55.2544049500334,0
2001-05-01,2210.62039908626,56.9901942424174,64.3562904992243,50.9583359352773,62.1456880943376,61.1349915596887,0
2001-06-01,2041.56908824442,56.9574632278449,61.5390231147129,43.5704262320289,46.9602254903815,52.8128097696651,0
2001-07-01,2306.02077768076,57.0558569390185,62.8041122684634,64.1283265728982,61.0929185512719,60.9582393041818,0
2001-08-01,2198.96997554124,56.8829892163045,64.5847327535346,52.4044461663506,61.2857454077255,56.9395230830426,0
2001-09-01,2187.77400312673,56.9186878873034,63.0782294082555,53.9105185443721,56.8543730104514,56.8315697251307,0
2001-10-01,2189.31283136223,56.9400190461884,64.8720615025869,55.2495998544497,71.9912441408073,61.6784800237774,0
2001-11-01,2336.12327995733,56.6593810955995,62.7115494002542,53.0724390495294,71.892247701605,62.0301891066117,0
2001-12-01,2204.67292341887,56.607542928584,57.4215763991511,57.4677168037945,63.083017377452,48.7191453326614,0
2002-01-01,2383.78512082783,56.3132255677808,62.9823132802374,50.4484886263563,60.5634573741001,65.4749306405101,0
2002-02-01,1875.53678197057,56.2910820181566,59.9206617766849,50.5320836254263,54.562846666127,56.2620492343453,0
2002-03-01,1912.21369600876,56.594160700623,59.4747643052087,50.1681319050476,53.4528258898374,54.0068905018009,0
2002-04-01,2818.98983560409,57.0069121328661,65.4123784599961,50.0779940352507,76.4856258551216,68.2147116229291,0
2002-05-01,2231.87448882798,57.0860494061191,65.9094278988294,49.4237298843727,69.0699370435412,64.4524623895665,0
2002-06-01,2240.18598651369,56.9563043559274,63.1361775806265,60.3335530263236,55.2059873257665,55.3555800178393,0
2002-07-01,2375.05932930012,56.9758454777822,65.7260562755069,53.4862951367151,62.332959955123,64.9788040992596,0
2002-08-01,2887.00315077733,57.0333301076098,67.6732313438143,53.9406473770951,63.2220111614409,56.0539784480966,0
2002-09-01,2440.2080329683,57.3034139221012,66.0316375573467,56.1402660613386,67.6723567943508,60.2169257753577,0
2002-10-01,2346.17495556704,57.7148308116088,65.7631481396957,61.6350918002571,73.747982613513,69.3315779028286,0
2002-11-01,2365.75757946304,57.484334034047,62.9075963347361,57.1357288611082,81.5726242783137,59.7011757016094,0
2002-12-01,2788.82230281409,57.4656247447609,62.9499984718511,68.3241607313061,79.9730239920637,56.7768981599835,0
2003-01-01,2515.2534470875,57.5986117200474,64.6490088822767,54.9818603723911,72.8536605244105,66.9606257524159,0
2003-02-01,2255.23532903946,57.8686483186668,62.0005771469549,54.3495261610028,62.7965926238893,50.7220453889838,0
2003-03-01,2693.41422512862,58.5154925726066,64.3692335922702,58.7656063292185,64.1171068376004,66.1124218567264,0
2003-04-01,2989.45341985834,58.4857333805668,62.8233556213656,54.9189211441957,72.9112741009608,60.9366141105785,0
2003-05-01,2501.10002713711,58.467003260749,66.0423492965776,56.0582276143571,69.1585459457381,56.8539122256261,0
2003-06-01,2433.48885334855,58.1903786592813,66.2202279306105,61.4902891796142,65.2057541869884,55.7580537579148,0
2003-07-01,2466.75377069681,58.1035486706451,68.1147698891515,60.428226613551,74.0602066769291,62.5540850204184,0
2003-08-01,2819.32534800247,58.11136706357,69.0813109763802,62.6102181888945,69.2206034805033,59.0267522084224,0
2003-09-01,2620.74024062993,58.4359761836754,67.9564606817571,64.7383770713773,69.4470726874571,59.4026784599982,0
2003-10-01,2594.71514906971,58.464628580127,67.215701145264,67.8361427889193,69.3831670673957,66.752316696416,0
2003-11-01,2815.0575131131,58.5626647005052,65.3246379515613,69.7171751408306,75.682100699308,55.8750615057333,0
2003-12-01,2978.69703912924,58.8929293099865,65.4404188994425,75.1388846453296,79.0460600009344,56.3414862373907,0
2004-01-01,2791.73148595676,59.2094478515518,70.1259596735087,67.5545243233391,62.3995429222504,55.8903730548702,0
2004-02-01,2547.4807105803,59.8525127526772,66.9290271024947,68.4296563852788,56.8819586402619,55.3961302992823,0
2004-03-01,2877.57777305306,60.1281027710669,72.3755047418789,72.1098100845279,60.6406805092269,64.2529741786411,0
2004-04-01,3280.75350788631,60.1144115568846,69.310701618565,63.1910146639806,73.5236323847665,65.5644272388352,0
2004-05-01,3006.62866956888,60.32712322642,70.9959555661269,77.0337541843045,69.9396591886898,67.6591286166799,0
2004-06-01,2935.21099669915,60.6672517870461,72.4707057150387,67.2780861103865,64.9858850196496,63.5943287174354,0
2004-07-01,2855.98115011941,60.7844054751331,72.6029227834703,76.6899384509172,70.7474499050341,65.9844942613401,0
2004-08-01,3034.76657051908,60.7786062550879,73.9149841479296,77.6855359327047,64.1439640535036,72.1409815852487,0
2004-09-01,2973.03502760644,60.7887500297095,75.2173973450929,75.4756800665199,70.4841938611629,71.6252283034019,0
2004-10-01,2869.99073332721,60.7743144711919,74.5381012072052,80.1089112423248,68.2486419820967,65.1725539309634,0
2004-11-01,2894.51634224893,60.9487417063845,73.482814004095,80.6052895406633,84.6944092566696,64.0968249704665,0
2004-12-01,3266.45412139729,60.9430396954876,74.6635384575175,92.8942833376028,84.1160442493316,74.8007344412331,0
2005-01-01,3198.02374926773,61.0040738479291,73.0649979110371,80.5893824041003,64.9805380616784,73.4155620211711,0
2005-02-01,2781.30483368292,60.8609458754252,73.9209818823327,76.1995207298026,60.3159175614748,65.364702172345,0
2005-03-01,3444.41830735642,61.2566614044346,74.6250409884113,78.4357529202297,67.1868443889098,71.4554081127291,0
2005-04-01,4794.65309119728,61.3294488372526,75.7766565962743,80.7739280875835,76.0525933640968,74.1378963258284,0
2005-05-01,3329.76281392246,61.4069266114744,78.7816939008867,86.5687317205513,72.0498463330055,72.9629931972566,0
2005-06-01,3230.89209964405,61.5688826072955,78.738371414104,79.8922209358979,72.7172830309188,68.2257037671264,0
2005-07-01,2950.66652868963,61.6332906115328,76.6324409075278,86.3165366757471,74.7957542884049,72.1832737948567,0
2005-08-01,3304.42078917539,61.522593693944,83.2004981328141,82.437957043676,83.8743820174636,80.9927387076522,0
2005-09-01,3436.57415073527,61.4645910782263,80.5771687890706,82.0483723296481,75.2283084764649,72.3908308159374,0
2005-10-01,3375.02288651113,61.5535798043051,80.0043747483057,90.9365146899416,75.4907272668677,70.2263724446761,0
2005-11-01,3523.11002101305,61.595463754538,80.0804823731068,88.8062508477033,97.1366614632924,80.8755574841907,0
2005-12-01,3660.51108360564,61.8536873585898,78.9478894562127,89.3612807788158,82.9784484796057,69.5357948700174,0
2006-01-01,4327.88158662108,62.1627138522279,83.0670091152387,84.6334481504145,75.4866374608043,77.5444566641431,0
2006-02-01,3436.71246411753,62.5035381526153,79.2100436554138,75.6870861501239,64.3294751796778,70.6542857665038,0
2006-03-01,4373.34795986904,62.7892809721904,85.8734090684175,87.2553133128552,77.772033119011,86.8429276609264,0
2006-04-01,6638.90696222947,63.1095108201663,77.9956194540496,82.2788106912844,80.8594290936522,78.252510911446,0
2006-05-01,4153.19963667793,62.7763229927264,85.3147077713366,90.9415506807556,86.0819366810835,81.0200009511493,0
2006-06-01,4088.75061319291,62.6931209883737,85.7628701539772,88.1154187240064,80.9525227296736,82.2499087396879,0
2006-07-01,4661.68655253035,62.5862666095457,85.0430686045955,97.0194068049453,78.1570202011716,84.8136108202491,0
2006-08-01,4202.09642919345,62.6734784912643,92.3705046129498,100.936553973853,89.0493990678605,83.0921079216353,0
2006-09-01,3997.46096842438,62.690631045476,88.4287848631645,80.4830145111468,80.7565925368837,81.5847685680774,0
2006-10-01,4390.14856408548,62.7180829089466,91.2155589241584,112.655615295672,99.5151717228322,97.8119703676967,0
2006-11-01,4345.5608100314,62.5411205980373,89.3625363726144,106.83376535897,114.930735860136,89.9897112035507,0
2006-12-01,4431.81351363718,62.5572635658092,89.8348849125278,101.010220134829,105.077437295559,88.8611657363391,0
2007-01-01,4756.43499507976,62.5631613837047,94.2445117535376,92.4893519081948,87.8777144003482,96.2849279781467,0
2007-02-01,3843.56372532958,62.7254923290977,89.6036232005544,87.2093444080366,81.5358177355938,92.22829368573,0
2007-03-01,4707.29791698373,62.9443010952826,99.0416393807052,90.7815216879185,91.8766545756821,98.1279684665224,0
2007-04-01,7927.66541827953,63.0564721201698,91.9102922670962,90.7434240426345,95.2786067084884,89.9130381994174,0
2007-05-01,5251.56112503765,63.3666290173321,100.294416244574,90.0969520959901,99.6321139709953,93.627464495885,0
2007-06-01,4635.85425135532,63.6642570439849,97.1980749078804,99.9671895227224,91.0787415027206,96.1438420588935,0
2007-07-01,4976.29431757807,63.9670093814535,101.813323720125,105.008508359588,107.699075793644,108.589045799747,0
2007-08-01,5097.81862852015,64.0545851031271,103.200430874667,100.555065965974,101.17294105947,108.448770329501,0
2007-09-01,4770.00595295425,64.44691983683,101.485230261794,100.174033782119,96.9711857797491,107.304926294881,0
2007-10-01,5032.38020861405,64.6492926190962,109.769913885508,117.741575791198,118.135663602623,108.990144048817,0
2007-11-01,5041.18517255395,64.7210579671552,108.769500123792,91.7126337411164,114.311679842655,94.9075484249261,0
2007-12-01,4754.87999660627,65.0143122764871,102.669043379766,133.520398694508,114.42980502803,105.434030217534,0
2008-01-01,5903.36601485785,65.1586741108229,105.033478127241,116.58781463667,110.144286273115,126.962033889075,0
2008-02-01,4574.2651711618,65.7496751808387,104.291774805451,103.759917012732,103.503114269926,105.341340499279,0
2008-03-01,5180.77730266425,66.4346886068455,105.445899232887,108.526112871379,111.515478778368,111.06881115987,0
2008-04-01,7820.01100810892,66.5371442717145,109.794424740068,107.626210882824,133.330193780526,128.152188190792,0
2008-05-01,5775.15929145797,66.7829931511919,110.528352360793,107.836571782651,125.477879323024,111.536413921658,0
2008-06-01,5597.29463501213,67.2969566655574,108.575521650983,112.008907690149,135.501632441908,135.598172092485,0
2008-07-01,5920.01758316819,67.6707723621643,112.898971109832,115.911329394954,152.133587650044,132.642900719237,0
2008-08-01,5652.99290351928,68.0703582039768,112.81167602593,113.729810792222,141.059494806347,122.906972859295,0
2008-09-01,5722.37439364492,68.4564541934141,113.366036244667,117.22665676788,149.899558574452,134.392224485421,0
2008-10-01,5734.25168744242,68.8761803820454,113.72801935776,118.06883019922,180.860537658885,125.21046257991,1
2008-11-01,5059.54826383846,69.089023978282,104.990865072572,111.24156597444,171.339764786509,100.228229542213,1
2008-12-01,5098.63554376054,69.3378988396748,101.363118700713,102.62106732879,142.290975085036,95.4702139823112,1
2009-01-01,5432.19673873367,69.4112438363932,104.988159838468,85.842748194456,110.727680120104,97.6023324352912,1
2009-02-01,4354.07114363774,69.3593334568676,97.8515838874551,82.3673611664809,104.592321374477,78.4433597750806,1
2009-03-01,4997.06284278285,69.609179021041,101.122081418309,99.7542661702759,106.172069482599,93.9010740215129,1
2009-04-01,6904.32302655384,69.6224126578754,94.1123911229133,83.174805656447,111.116488929935,93.2292115358096,1
2009-05-01,4749.51014064925,69.5924708515071,95.1545160498512,89.9925040697513,108.542526099211,91.5087556048108,1
2009-06-01,4594.23791735271,69.356151245964,94.5660048056354,97.7051683778814,107.957561482609,85.0487461012721,1
2009-07-01,4706.57185077303,69.4856310540512,100.329304372473,98.8401298092647,113.286837257875,102.483600176445,0
2009-08-01,5026.77218857022,69.3415150199903,101.120491979033,98.7786011400137,106.303672970037,98.859801912202,0
2009-09-01,4772.27679390249,69.28105856763,106.229183702911,102.46194982816,125.299620789707,99.4730668138704,0
2009-10-01,5079.52007148616,69.3660151971089,111.275949466185,102.056379091586,131.503913122752,119.239529252415,0
2009-11-01,5132.46818892938,69.288278429942,107.665745355417,110.161957099345,136.008794730637,115.620543122178,0
2009-12-01,5444.96158083134,69.5079961016632,108.558964163694,119.058133063956,130.00693025818,111.656984096075,0
2010-01-01,6384.0332736754,69.7136816328321,106.904280550994,89.9315710052363,119.988743972116,110.125159120678,0
2010-02-01,5127.9105240773,69.9385138944542,104.920344397803,97.5177114943583,122.393692351076,106.94287604885,0
2010-03-01,6731.9510155678,70.1349097028041,117.253248771237,103.916050050361,155.015293947161,132.547538985724,0
2010-04-01,8602.4801893933,70.1526941164795,112.963208020779,105.294169019003,151.146497221783,129.48798475445,0
2010-05-01,5708.1331434908,70.319559174288,116.935417877871,94.6134328054898,142.464543164924,114.95474685916,0
2010-06-01,5752.1459338173,70.495954894733,116.462152950375,122.545555541208,160.082634755429,132.305378425821,0
2010-07-01,5803.0610419306,70.7525287206685,116.86112883166,115.781496730596,162.621762963147,142.914055516886,0
2010-08-01,6169.0603202048,70.9425101139349,123.033820803248,106.746300145339,181.303637894412,141.381966551509,0
2010-09-01,5885.8114298127,70.9198027512508,124.460354030541,113.710670711009,187.952864887656,137.280347648043,0
2010-10-01,6366.1742148757,70.8192940467514,128.068922188278,125.525828626155,185.983057211362,135.159151610931,0
2010-11-01,6345.8873656434,70.8248925993405,128.200584111185,133.785148951763,194.375347041514,129.487029948564,0
2010-12-01,6043.6649544936,70.9512908774276,124.430188380721,138.662570393625,160.901170076487,136.515788207066,0
2011-01-01,7403.5333042309,71.2283105646479,123.001710046717,112.349483752923,146.828608532404,137.376056602542,0
2011-02-01,6217.7512251203,71.5006315782516,117.425697725635,116.993945852087,133.357677191269,127.04522073009,0
2011-03-01,7890.666551965,72.0029008320805,131.411876559636,127.945665186037,163.176184735781,153.221634493751,0
2011-04-01,10166.4822831181,72.4931779487685,118.266716545233,118.855120803914,164.294856996208,146.481358252838,0
2011-05-01,7309.9209843017,72.4759927600571,126.08649010984,125.190982136402,157.961296697924,151.511412065781,0
2011-06-01,6913.1043552273,72.5478476794027,124.794057708528,120.197400362914,170.518209592063,138.175055150622,0
2011-07-01,6762.8021747513,73.1231175318247,125.178933172477,135.284983327003,170.23076538983,138.158433272329,0
2011-08-01,7190.18924063889,73.3174920842417,130.692835877214,136.475031740195,208.245444275869,146.613334076293,0
2011-09-01,7049.7137351742,73.5625077424483,129.061763543472,134.435009053261,223.576010671882,145.731945074148,0
2011-10-01,7146.920543607,73.794119647811,130.220050169049,130.36347188985,207.23461629186,136.441357068661,0
2011-11-01,7313.6463482932,74.1124844688423,131.589163433882,142.654442539072,235.927951073548,135.80526725671,0
2011-12-01,7131.0182636976,74.3132616323748,124.420169642016,151.416783073681,184.568757841376,145.728395994316,0
2012-01-01,8925.5474558266,74.2379662035315,123.216705003887,125.499034929913,193.350090413789,152.519463646271,0
2012-02-01,6727.73333712957,74.4791719574771,119.615660988188,121.30105208824,190.667641186365,137.8337859097,0
2012-03-01,8472.6970132528,75.0496945317084,121.010258600861,143.624783686345,193.363477436021,153.892906978045,0
2012-04-01,10421.2568644999,75.4486137965042,115.0087848611,120.751672570315,189.249534278838,145.781436010874,0
2012-05-01,8398.7489817306,75.4782355070343,126.633510203016,134.551599836947,240.883138691212,165.267993661018,0
2012-06-01,7485.86412048319,75.4505385376399,120.068520711838,145.286823138447,244.154437839971,148.78354568939,0
2012-07-01,7744.7806268206,75.5187147850747,125.540425986425,143.4984822074,243.820358362635,179.198530431891,0
2012-08-01,7530.8250618589,75.9026527314205,131.904472566543,150.074064887627,236.207934014044,169.548043854207,0
2012-09-01,7701.0656229559,76.3145813576587,126.863218518502,136.341973482037,231.701904261993,153.305730902027,0
2012-10-01,7728.905129242,76.1899418708041,135.107340385023,144.736781714689,271.51795500681,170.465861817878,0
2012-11-01,7865.4881151021,76.0852045683551,134.066075265224,155.735108586342,281.133847151006,155.747986093842,0
2012-12-01,8415.0763709285,76.2820940603079,124.881619151414,158.122543217247,234.70869226966,142.58333240105,0
2013-01-01,9062.6357056874,76.3701370802442,130.757717109511,130.272681778713,213.89734037805,161.420785688292,0
2013-02-01,7561.30300310089,76.301403956872,122.910786962122,120.635089988968,215.550286911928,141.078930294686,0
2013-03-01,8718.8280501857,76.99485097723,121.683465382231,128.351505295037,204.58675427192,146.046074800368,0
2013-04-01,10712.8708713162,77.1891755363707,130.34931417982,123.466117787613,256.294355895681,160.054999017526,0
2013-05-01,8176.3998971853,77.3386026616823,128.330690500314,136.056742350988,240.143644866454,177.169549198519,0
2013-06-01,7692.0833439693,77.5410733474478,123.721550304669,134.446645771024,240.712732163784,142.317917588915,0
2013-07-01,8051.4959868193,77.9663696202748,130.757183803186,135.984153691144,240.120348711326,162.080172524957,0
2013-08-01,8362.0751803455,78.3896529693816,131.154141829738,142.481996941072,246.120163319598,170.99253658584,0
2013-09-01,8338.8680166748,78.4749255285923,134.742594595616,135.358665491726,234.145680758538,150.880782001251,0
2013-10-01,8457.7463200965,78.5049596836515,140.312270358485,146.179802436571,281.894624995547,163.660845392568,0
2013-11-01,8852.2360511201,78.3336278654801,133.649749932965,160.370600944685,253.607823295399,140.396241531729,0
2013-12-01,9359.5254770599,78.4635187293942,129.234356301231,169.225226777473,212.744579776473,145.124538415079,0
2014-01-01,9851.59769520131,78.7121276543314,128.552311311835,137.729142937473,196.886918982085,150.547378592869,0
2014-02-01,8226.8702385594,79.1850605759155,123.397915621713,141.181633896892,196.538006883534,137.31538603894,0
2014-03-01,10020.3970097402,79.5956817391094,129.339274245365,147.080788155998,222.222036522397,146.832159594628,0
2014-04-01,11498.7956896089,79.9086695055395,122.9343298524,128.853603768587,255.040737856473,162.144304236637,0
2014-05-01,8299.53302812781,80.0884883767056,128.918174642724,139.024123497281,243.761982584105,161.158144870483,0
2014-06-01,8075.14554744373,80.215971231147,122.049571855374,142.163935581652,215.709773799741,155.681983876815,0
2014-07-01,8303.5074265289,80.5635571221473,121.434270001755,144.518322732844,224.515308292827,156.368878481742,0
2014-08-01,8924.5331247163,80.4945788992393,127.254516659983,146.572767891813,218.132572357937,159.649884689081,0
2014-09-01,8706.2832017001,80.6237747177433,133.121764485219,141.940895553281,222.969940003662,164.736659689961,0
2014-10-01,8514.2502338782,80.9292246090764,138.242003949843,151.427619339056,248.326388974739,165.308817864661,0
2014-11-01,9958.1635622621,80.8082672658879,131.143082150988,155.456696664208,278.093114502031,150.232989756881,0
2014-12-01,9096.4173817131,80.9932305840506,127.689376895311,167.639703362559,222.953275536618,151.662982557613,0
2015-01-01,9348.5909632,81.1311585614732,123.929491548605,141.237543866937,194.769641351279,155.366727453763,0
2015-02-01,7894.28620493688,81.3773664204482,120.773264725509,139.057032708698,198.559733963939,146.905302099975,0
2015-03-01,9020.7032052539,81.9996299525466,124.589870157099,140.876584234369,225.017617025941,160.070720992327,0
2015-04-01,10377.9894640388,82.3198438304482,116.799924133114,115.031158188111,215.88845729786,151.643480727851,0
2015-05-01,7816.22720209582,82.7844285692493,121.327625334718,134.570520860539,213.799668874641,154.423612210048,0
2015-06-01,7808.3918412416,83.0595554554826,120.655036118841,140.287140993793,220.806773075853,164.611915272448,0
2015-07-01,7758.536798019,83.4339766262131,125.7005492406,138.444863676513,223.137541248799,157.215578366666,0
2015-08-01,8115.88641376605,83.7487113799077,125.966214564642,133.175380160396,224.473799432578,161.51038766468,0
2015-09-01,7725.93828307821,83.771774250334,129.776956452186,136.706799800437,215.951065514088,159.765573561314,0
2015-10-01,7972.65994024465,83.8913998281912,131.569178260168,148.544675209177,223.781262206553,155.510607918134,0
2015-11-01,8538.31693073987,84.1800464238952,127.561316178822,153.292681682551,248.284408515223,155.008179778099,0
2015-12-01,9506.81983106641,84.5552549887266,127.063523110931,172.389973708894,196.321699047855,156.346513595686,0
2016-01-01,9130.3473648244,84.8702404031536,116.466801912438,141.210082743988,179.534453845917,155.76370139323,0
2016-02-01,7152.2260639434,85.0179920593596,119.715573686585,125.465085238464,174.212496650703,139.696755086374,0
2016-03-01,9598.3504350246,85.5265000574541,119.24644206404,126.424019997296,207.619744814329,153.726389017863,0
2016-04-01,10294.2351918684,85.5362556898337,120.374766289669,125.017895478972,181.689313358544,148.128223656471,0
2016-05-01,7749.0273753831,85.7155086648867,120.348467034676,133.662896821154,197.466327519633,148.346626979602,0
2016-06-01,7814.5784239896,85.8350891099251,119.649097865981,127.759061663301,210.62706399155,158.191005830998,0
2016-07-01,6828.923203608,85.9052567561972,116.970607021598,140.560886693426,214.775334816838,144.59384690275,0
2016-08-01,8382.4120724929,86.213043138844,124.417866782968,139.461617238544,212.436200961988,172.531243515221,0
2016-09-01,8438.5759527676,86.3910421158843,128.997117579111,145.10733160853,254.908457566422,157.732474370494,0
2016-10-01,7571.10392029611,86.7481433937979,127.375606973805,151.122706991497,231.030958832913,166.091836796703,0
2016-11-01,8164.549083018,86.9997685797355,128.673955045798,155.8373318147,235.538967921212,153.285287875842,0
2016-12-01,9720.045198622,87.2905176704464,129.397670944422,185.916992510901,220.833004289648,153.654236903468,0
2017-01-01,10428.2310097814,87.4981321088573,118.952041394434,149.176805763158,172.676142245586,155.986470893181,0
2017-02-01,7546.87743612928,87.7809010228465,113.217590770956,128.256917890707,174.654742506997,146.726181187439,0
2017-03-01,9051.89578935165,88.9260539521744,121.536673415635,136.719411256894,210.989282921807,165.764259820822,0
2017-04-01,10416.0179407974,88.6965771763182,109.731037130072,126.382054303296,195.899302354686,146.718820335218,0
2017-05-01,7686.10559131978,88.3210908710632,120.646908421815,153.965091721507,218.666674991827,172.398407792698,0
2017-06-01,7407.11088598313,88.1804847816058,117.303622012859,149.286641700291,217.49963000014,154.490871346125,0
2017-07-01,7587.09917519278,88.3553341822423,117.941065959418,152.803842086102,217.794283561961,156.14506086732,0
2017-08-01,8457.50434055425,88.9492813838017,128.513657468339,158.226637980357,237.765104602543,178.892988589463,0
2017-09-01,8107.32790239971,88.9352541037068,128.114215009469,150.975489145494,227.37011869483,151.205174152725,0
2017-10-01,8676.37198707207,88.5179296753887,131.278703347189,153.038082396156,258.335060912416,189.470636376432,0
2017-11-01,8825.02453233198,88.3433392676972,127.099514947248,155.272914537815,238.962959122519,158.188753717597,0
2017-12-01,10973.4415698918,88.4819074367963,124.697491779142,181.33131010339,208.559770022105,162.284301917775,0
2018-01-01,10254.2894014983,88.594648523903,117.704977117892,165.752035611733,210.431414562485,167.734313644926,0
2018-02-01,8428.47909623475,88.8163305147703,114.720044099338,144.830318278948,209.261074768309,149.773716801717,0
2018-03-01,10491.3646842751,89.2489764935573,123.074610791559,150.582455055354,227.217731499279,162.465652702812,0
2018-04-01,13726.7532412358,89.1266401691656,123.556861380924,153.877000758977,234.272079949441,169.68895510086,0
2018-05-01,10225.5289129005,89.1430886514034,125.705150972031,168.338530614791,238.795262148341,180.824671405874,0
2018-06-01,9502.93403810909,89.440878461853,119.878787830406,166.880174660281,188.72603738754,162.42806259761,0
2018-07-01,9010.17757835286,89.7832456102935,124.133264246653,162.770352204498,209.759320601775,179.913119312569,0
2018-08-01,9240.68122372328,89.9015505324364,132.232176448553,176.848813098585,218.732058777043,184.768059950642,0
2018-09-01,9435.20067234866,90.0738752726222,129.606231136065,160.392723327387,206.03443494956,160.888985365723,0
2018-10-01,9449.76614137725,90.1474507938922,138.659095363971,181.36162189286,228.824731583061,186.217906704253,0
2018-11-01,9788.48072967382,90.2578255325897,131.740329460529,173.986696412596,224.058304990836,171.322674384806,0
2018-12-01,9854.71593059019,90.4218937443323,127.075844400627,192.579351079423,183.226972265428,161.517870474656,0
2019-01-01,11552.3063283275,90.4809684380851,122.838519495157,192.548124488592,209.183671673292,179.962425392026,0
2019-02-01,9488.99415344232,90.595663429072,116.274267487262,150.244369549774,186.26577420769,155.869380263291,0
2019-03-01,10671.6294051276,91.2547942250017,127.84279567052,163.652311220816,192.786540440908,168.806984577833,0
2019-04-01,14081.7766829688,91.4373773077339,117.939581506278,158.322810887179,189.089289479875,167.243223144363,0
2019-05-01,11494.8507316909,91.5723515157514,125.941444256328,162.610311997842,204.743109142433,185.170583832968,0
2019-06-01,9831.9478538564,91.493350335306,119.548250571958,174.37333233195,204.706770748628,149.942370407883,0
2019-07-01,9130.30500249685,91.6793898976101,132.78461194858,187.717498996421,205.903627872565,174.127998229766,0
2019-08-01,9069.57197773159,91.7352934900762,133.059410161522,164.342084564623,224.863635682297,183.248262104135,0
2019-09-01,10120.0736841118,91.7411489525572,131.782893075702,176.507297496513,213.114164739132,170.022381789382,0
2019-10-01,9977.21555502648,91.8427297350918,136.455672620313,183.797726680745,225.318984335935,176.036964436782,0
2019-11-01,10587.9645821377,91.9427558656052,128.720069700179,187.168629475372,208.038621305047,159.4949450667,0
2019-12-01,10754.6132459949,92.1399925330876,130.366088132345,212.015354340618,211.781463879748,164.232813524432,0
2020-01-01,12079.8808296642,92.1895712817569,124.120572775268,190.432002309107,223.530263933194,181.97143525728,0
2020-02-01,9911.7584466718,92.3206390707161,117.974576859037,159.574904266329,190.922036721311,158.225786155086,1
2020-03-01,8599.10989758324,92.9170303880033,80.4377881131177,128.602096315908,123.823353733442,134.384179566788,1
2020-04-01,8170.77470778088,93.0142055130683,44.0004948660959,91.0795102614527,74.5698036677364,147.286904374714,1
2020-05-01,7765.1958424258,93.204097335048,61.565392961913,115.772225640253,70.4883467211354,152.46431569212,0
2020-06-01,6064.6149685622,92.9560841633195,92.4079621405173,134.226840747109,92.9999808418198,138.512220466996,0
2020-07-01,7122.8291573989,93.3861811793687,115.057252086548,169.944752010561,150.646653132542,157.155193626522,0
2020-08-01,8304.95182610026,93.2832332195989,119.723542882368,184.721145115178,170.994792840595,142.915660793242,0
2020-09-01,8055.4559635612,93.4104286127018,127.588983674675,200.087121594339,191.153273629512,150.362274688535,0
2020-10-01,8784.1598959055,93.4260987274024,135.05471372574,225.632694572942,218.797496561456,171.682575413826,0
2020-11-01,9527.47393544784,93.9123624949692,127.437907044618,207.446765432949,213.739887434761,190.175082128612,0
2020-12-01,12003.3127020932,93.9581285619732,128.471147894159,226.824850824643,225.270546041899,197.521208903768,0
2021-01-01,11921.7842349182,94.6561451002628,126.316260558508,199.950174391419,186.107258861251,164.265437941556,0
2021-02-01,10615.1415938745,94.5375735473133,121.121769384587,174.060186307083,203.534835703496,175.261528724176,0
2021-03-01,12635.0040136362,95.3311869507106,129.882599182278,164.436662104386,230.533681492131,185.270224247435,0
2021-04-01,15720.4605253928,95.2313830125361,121.687706792779,179.326856751707,213.238456748047,186.21567916916,0
2021-05-01,11962.9566552314,95.4852294275117,126.533411030258,182.785514711679,211.517308258601,196.362783026834,0
2021-06-01,11143.0756830823,95.9814390796482,128.688729362086,173.468544269444,202.065686776643,176.218565072783,0
2021-07-01,11977.0248743019,96.948489573628,134.42822069117,207.790370132168,220.377883488433,170.826663911447,0
2021-08-01,16397.2232090759,97.9033694822447,138.211348488226,205.02598717561,189.115555500092,180.552883622125,0
2021-09-01,12648.3819539286,98.2953966184284,144.397026970269,232.096639254451,211.541091104113,182.025222423876,0
2021-10-01,12325.3708066122,98.8691125131803,142.367750867248,237.328690856484,228.894523788322,185.563310440173,0
2021-11-01,14858.8229210482,99.2232454403164,139.779786045812,227.212798070567,194.178891747682,185.212178774753,0
2021-12-01,15441.2500694602,100.0,141.461068161941,264.058785443308,231.086264070689,211.516084597319,0
2022-01-01,14156.8768468004,100.037268,126.702110387932,208.924669874856,184.955552999219,174.758840870276,0
2022-02-01,12455.5368530558,100.34884,128.34241711298,202.523915482631,194.841595495347,183.059445583924,0
2022-03-01,18614.2294635848,101.836672,143.717775867073,203.012006475609,210.669762669633,200.430658378962,0
2022-04-01,22599.1048026626,102.816232,131.040444830686,178.442061369341,198.579862132266,212.482097649051,0
2022-05-01,14899.416501698,103.211072,137.557871669851,191.85698878145,175.494165191384,178.633159570091,0
2022-06-01,13345.7372628601,104.439931,136.255494830903,187.832811886904,221.402273336216,176.890330733279,0
2022-07-01,12758.054324908,105.422597,133.47041536138,207.712002135601,233.681785789896,195.751754258184,0
2022-08-01,14673.3662583174,106.125283,138.780055322233,222.620384746317,212.527045890353,216.507003158325,0
2022-09-01,14551.5471170403,106.679849,143.253936832556,225.15248608614,213.83316723277,195.83322353582,0
